id,배지 이름,세계관 기반 설명문,배지 타입,희귀도,거리(km),고도(m),속도(km/h),온도(°C),시간(분),연속(일),주기_조건,특수조건
1,동네 산책러,전설의 루트 '블랙 트랙'을 누비는 아스팔트 레인저들의 거친 숨결이 이 궤적에 고스란히 담겨 있습니다.,정규(걷기),common,1.0,,,,,,,
2,동네 산책러,당신의 성실한 발걸음에 감탄한 숲속의 갱단이 은밀한 '그루터기 살롱'의 길을 열어줄지도 모릅니다.,정규(걷기),rare,1.5,,,,,,,
3,동네 산책러,환상의 뷰포인트 '매직 아워 25시'를 향해 달리는 셔터 마피아들도 당신의 완벽한 궤적엔 찬사를 보냅니다.,정규(걷기),legendary,2.0,,,,,,,
4,동네 산책러,"심야의 암시장 '카본 앨리'에서도 쉽게 거래되지 않을, 오직 당신의 엔진만으로 이뤄낸 값진 성과입니다.",정규(걷기),mythic,2.5,,,,,,,
5,골목길 탐험가,자유의 성지 '벙커 18:01'에 도착한 오피스 탈주닌자들과 함께 축배를 들 만한 훌륭한 땀방울입니다.,정규(걷기),common,3.5,,,,,,,
6,골목길 탐험가,환상의 음료가 담긴 '오아시스 자판기'를 찾아 헤매는 포션 연금술사들도 이 폭발적인 에너지에는 혀를 내두릅니다.,정규(걷기),rare,4.0,,,,,,,
7,골목길 탐험가,분실물 센터 '999'의 문이 열린 걸까요? 아날로그 수집가들이 탐낼 만한 행운이 깃든 낡고 귀한 기록입니다.,정규(걷기),legendary,4.5,,,,,,,
8,골목길 탐험가,"마의 결계 '섬데이'를 산산조각 내고 침대의 중력을 완전히 이겨낸, 위대하고 눈부신 승리입니다.",정규(걷기),mythic,5.0,,,,,,,
9,콘크리트 유랑자,"숨이 턱 끝까지 차오르는 순간, 무의식의 차원 '화이트 룸'의 문고리를 거머쥔 초월적이고 환상적인 기록입니다.",정규(걷기),common,6.0,,,,,,,
10,콘크리트 유랑자,달콤한 냄새가 밴 이 파편은 환상의 푸드트럭 '무명(無名)'을 쫓는 미식가들의 발자취와 겹쳐집니다.,정규(걷기),rare,6.5,,,,,,,
11,콘크리트 유랑자,전설의 루트 '블랙 트랙'을 누비는 아스팔트 레인저들의 거친 숨결이 이 궤적에 고스란히 담겨 있습니다.,정규(걷기),legendary,7.0,,,,,,,
12,콘크리트 유랑자,당신의 성실한 발걸음에 감탄한 숲속의 갱단이 은밀한 '그루터기 살롱'의 길을 열어줄지도 모릅니다.,정규(걷기),mythic,7.5,,,,,,,
13,횡단보도의 지배자,환상의 뷰포인트 '매직 아워 25시'를 향해 달리는 셔터 마피아들도 당신의 완벽한 궤적엔 찬사를 보냅니다.,정규(걷기),common,8.5,,,,,,,
14,횡단보도의 지배자,"심야의 암시장 '카본 앨리'에서도 쉽게 거래되지 않을, 오직 당신의 엔진만으로 이뤄낸 값진 성과입니다.",정규(걷기),rare,9.0,,,,,,,
15,횡단보도의 지배자,자유의 성지 '벙커 18:01'에 도착한 오피스 탈주닌자들과 함께 축배를 들 만한 훌륭한 땀방울입니다.,정규(걷기),legendary,9.5,,,,,,,
16,횡단보도의 지배자,환상의 음료가 담긴 '오아시스 자판기'를 찾아 헤매는 포션 연금술사들도 이 폭발적인 에너지에는 혀를 내두릅니다.,정규(걷기),mythic,10.0,,,,,,,
17,도심의 순례자,분실물 센터 '999'의 문이 열린 걸까요? 아날로그 수집가들이 탐낼 만한 행운이 깃든 낡고 귀한 기록입니다.,정규(걷기),common,11.0,,,,,,,
18,도심의 순례자,"마의 결계 '섬데이'를 산산조각 내고 침대의 중력을 완전히 이겨낸, 위대하고 눈부신 승리입니다.",정규(걷기),rare,11.5,,,,,,,
19,도심의 순례자,"숨이 턱 끝까지 차오르는 순간, 무의식의 차원 '화이트 룸'의 문고리를 거머쥔 초월적이고 환상적인 기록입니다.",정규(걷기),legendary,12.0,,,,,,,
20,도심의 순례자,달콤한 냄새가 밴 이 파편은 환상의 푸드트럭 '무명(無名)'을 쫓는 미식가들의 발자취와 겹쳐집니다.,정규(걷기),mythic,12.5,,,,,,,
21,무념무상의 걸음,전설의 루트 '블랙 트랙'을 누비는 아스팔트 레인저들의 거친 숨결이 이 궤적에 고스란히 담겨 있습니다.,정규(걷기),common,13.5,,,,,,,
22,무념무상의 걸음,당신의 성실한 발걸음에 감탄한 숲속의 갱단이 은밀한 '그루터기 살롱'의 길을 열어줄지도 모릅니다.,정규(걷기),rare,14.0,,,,,,,
23,무념무상의 걸음,환상의 뷰포인트 '매직 아워 25시'를 향해 달리는 셔터 마피아들도 당신의 완벽한 궤적엔 찬사를 보냅니다.,정규(걷기),legendary,14.5,,,,,,,
24,무념무상의 걸음,"심야의 암시장 '카본 앨리'에서도 쉽게 거래되지 않을, 오직 당신의 엔진만으로 이뤄낸 값진 성과입니다.",정규(걷기),mythic,15.0,,,,,,,
25,공원의 파수꾼,자유의 성지 '벙커 18:01'에 도착한 오피스 탈주닌자들과 함께 축배를 들 만한 훌륭한 땀방울입니다.,정규(걷기),common,16.0,,,,,,,
26,공원의 파수꾼,환상의 음료가 담긴 '오아시스 자판기'를 찾아 헤매는 포션 연금술사들도 이 폭발적인 에너지에는 혀를 내두릅니다.,정규(걷기),rare,16.5,,,,,,,
27,공원의 파수꾼,분실물 센터 '999'의 문이 열린 걸까요? 아날로그 수집가들이 탐낼 만한 행운이 깃든 낡고 귀한 기록입니다.,정규(걷기),legendary,17.0,,,,,,,
28,공원의 파수꾼,"마의 결계 '섬데이'를 산산조각 내고 침대의 중력을 완전히 이겨낸, 위대하고 눈부신 승리입니다.",정규(걷기),mythic,17.5,,,,,,,
29,발끝의 리듬,"숨이 턱 끝까지 차오르는 순간, 무의식의 차원 '화이트 룸'의 문고리를 거머쥔 초월적이고 환상적인 기록입니다.",정규(걷기),common,18.5,,,,,,,
30,발끝의 리듬,달콤한 냄새가 밴 이 파편은 환상의 푸드트럭 '무명(無名)'을 쫓는 미식가들의 발자취와 겹쳐집니다.,정규(걷기),rare,19.0,,,,,,,
31,발끝의 리듬,전설의 루트 '블랙 트랙'을 누비는 아스팔트 레인저들의 거친 숨결이 이 궤적에 고스란히 담겨 있습니다.,정규(걷기),legendary,19.5,,,,,,,
32,발끝의 리듬,당신의 성실한 발걸음에 감탄한 숲속의 갱단이 은밀한 '그루터기 살롱'의 길을 열어줄지도 모릅니다.,정규(걷기),mythic,20.0,,,,,,,
33,그림자 추적자,환상의 뷰포인트 '매직 아워 25시'를 향해 달리는 셔터 마피아들도 당신의 완벽한 궤적엔 찬사를 보냅니다.,정규(걷기),common,21.0,,,,,,,
34,그림자 추적자,"심야의 암시장 '카본 앨리'에서도 쉽게 거래되지 않을, 오직 당신의 엔진만으로 이뤄낸 값진 성과입니다.",정규(걷기),rare,21.5,,,,,,,
35,그림자 추적자,자유의 성지 '벙커 18:01'에 도착한 오피스 탈주닌자들과 함께 축배를 들 만한 훌륭한 땀방울입니다.,정규(걷기),legendary,22.0,,,,,,,
36,그림자 추적자,환상의 음료가 담긴 '오아시스 자판기'를 찾아 헤매는 포션 연금술사들도 이 폭발적인 에너지에는 혀를 내두릅니다.,정규(걷기),mythic,22.5,,,,,,,
37,대지의 호흡,분실물 센터 '999'의 문이 열린 걸까요? 아날로그 수집가들이 탐낼 만한 행운이 깃든 낡고 귀한 기록입니다.,정규(걷기),common,23.5,,,,,,,
38,대지의 호흡,"마의 결계 '섬데이'를 산산조각 내고 침대의 중력을 완전히 이겨낸, 위대하고 눈부신 승리입니다.",정규(걷기),rare,24.0,,,,,,,
39,대지의 호흡,"숨이 턱 끝까지 차오르는 순간, 무의식의 차원 '화이트 룸'의 문고리를 거머쥔 초월적이고 환상적인 기록입니다.",정규(걷기),legendary,24.5,,,,,,,
40,대지의 호흡,달콤한 냄새가 밴 이 파편은 환상의 푸드트럭 '무명(無名)'을 쫓는 미식가들의 발자취와 겹쳐집니다.,정규(걷기),mythic,25.0,,,,,,,
41,첫 숨결,전설의 루트 '블랙 트랙'을 누비는 아스팔트 레인저들의 거친 숨결이 이 궤적에 고스란히 담겨 있습니다.,정규(러닝),common,3.0,,,,,,,
42,첫 숨결,당신의 성실한 발걸음에 감탄한 숲속의 갱단이 은밀한 '그루터기 살롱'의 길을 열어줄지도 모릅니다.,정규(러닝),rare,4.0,,,,,,,
43,첫 숨결,환상의 뷰포인트 '매직 아워 25시'를 향해 달리는 셔터 마피아들도 당신의 완벽한 궤적엔 찬사를 보냅니다.,정규(러닝),legendary,5.0,,,,,,,
44,첫 숨결,"심야의 암시장 '카본 앨리'에서도 쉽게 거래되지 않을, 오직 당신의 엔진만으로 이뤄낸 값진 성과입니다.",정규(러닝),mythic,6.0,,,,,,,
45,심장의 박동,자유의 성지 '벙커 18:01'에 도착한 오피스 탈주닌자들과 함께 축배를 들 만한 훌륭한 땀방울입니다.,정규(러닝),common,8.0,,,,,,,
46,심장의 박동,환상의 음료가 담긴 '오아시스 자판기'를 찾아 헤매는 포션 연금술사들도 이 폭발적인 에너지에는 혀를 내두릅니다.,정규(러닝),rare,9.0,,,,,,,
47,심장의 박동,분실물 센터 '999'의 문이 열린 걸까요? 아날로그 수집가들이 탐낼 만한 행운이 깃든 낡고 귀한 기록입니다.,정규(러닝),legendary,10.0,,,,,,,
48,심장의 박동,"마의 결계 '섬데이'를 산산조각 내고 침대의 중력을 완전히 이겨낸, 위대하고 눈부신 승리입니다.",정규(러닝),mythic,11.0,,,,,,,
49,아스팔트 러너,"숨이 턱 끝까지 차오르는 순간, 무의식의 차원 '화이트 룸'의 문고리를 거머쥔 초월적이고 환상적인 기록입니다.",정규(러닝),common,13.0,,,,,,,
50,아스팔트 러너,달콤한 냄새가 밴 이 파편은 환상의 푸드트럭 '무명(無名)'을 쫓는 미식가들의 발자취와 겹쳐집니다.,정규(러닝),rare,14.0,,,,,,,
51,아스팔트 러너,전설의 루트 '블랙 트랙'을 누비는 아스팔트 레인저들의 거친 숨결이 이 궤적에 고스란히 담겨 있습니다.,정규(러닝),legendary,15.0,,,,,,,
52,아스팔트 러너,당신의 성실한 발걸음에 감탄한 숲속의 갱단이 은밀한 '그루터기 살롱'의 길을 열어줄지도 모릅니다.,정규(러닝),mythic,16.0,,,,,,,
53,바람의 꼬리,환상의 뷰포인트 '매직 아워 25시'를 향해 달리는 셔터 마피아들도 당신의 완벽한 궤적엔 찬사를 보냅니다.,정규(러닝),common,18.0,,,,,,,
54,바람의 꼬리,"심야의 암시장 '카본 앨리'에서도 쉽게 거래되지 않을, 오직 당신의 엔진만으로 이뤄낸 값진 성과입니다.",정규(러닝),rare,19.0,,,,,,,
55,바람의 꼬리,자유의 성지 '벙커 18:01'에 도착한 오피스 탈주닌자들과 함께 축배를 들 만한 훌륭한 땀방울입니다.,정규(러닝),legendary,20.0,,,,,,,
56,바람의 꼬리,환상의 음료가 담긴 '오아시스 자판기'를 찾아 헤매는 포션 연금술사들도 이 폭발적인 에너지에는 혀를 내두릅니다.,정규(러닝),mythic,21.0,,,,,,,
57,페이스 메이커,분실물 센터 '999'의 문이 열린 걸까요? 아날로그 수집가들이 탐낼 만한 행운이 깃든 낡고 귀한 기록입니다.,정규(러닝),common,23.0,,,,,,,
58,페이스 메이커,"마의 결계 '섬데이'를 산산조각 내고 침대의 중력을 완전히 이겨낸, 위대하고 눈부신 승리입니다.",정규(러닝),rare,24.0,,,,,,,
59,페이스 메이커,"숨이 턱 끝까지 차오르는 순간, 무의식의 차원 '화이트 룸'의 문고리를 거머쥔 초월적이고 환상적인 기록입니다.",정규(러닝),legendary,25.0,,,,,,,
60,페이스 메이커,달콤한 냄새가 밴 이 파편은 환상의 푸드트럭 '무명(無名)'을 쫓는 미식가들의 발자취와 겹쳐집니다.,정규(러닝),mythic,26.0,,,,,,,
61,땀방울의 무게,전설의 루트 '블랙 트랙'을 누비는 아스팔트 레인저들의 거친 숨결이 이 궤적에 고스란히 담겨 있습니다.,정규(러닝),common,28.0,,,,,,,
62,땀방울의 무게,당신의 성실한 발걸음에 감탄한 숲속의 갱단이 은밀한 '그루터기 살롱'의 길을 열어줄지도 모릅니다.,정규(러닝),rare,29.0,,,,,,,
63,땀방울의 무게,환상의 뷰포인트 '매직 아워 25시'를 향해 달리는 셔터 마피아들도 당신의 완벽한 궤적엔 찬사를 보냅니다.,정규(러닝),legendary,30.0,,,,,,,
64,땀방울의 무게,"심야의 암시장 '카본 앨리'에서도 쉽게 거래되지 않을, 오직 당신의 엔진만으로 이뤄낸 값진 성과입니다.",정규(러닝),mythic,31.0,,,,,,,
65,숨가쁜 환희,자유의 성지 '벙커 18:01'에 도착한 오피스 탈주닌자들과 함께 축배를 들 만한 훌륭한 땀방울입니다.,정규(러닝),common,33.0,,,,,,,
66,숨가쁜 환희,환상의 음료가 담긴 '오아시스 자판기'를 찾아 헤매는 포션 연금술사들도 이 폭발적인 에너지에는 혀를 내두릅니다.,정규(러닝),rare,34.0,,,,,,,
67,숨가쁜 환희,분실물 센터 '999'의 문이 열린 걸까요? 아날로그 수집가들이 탐낼 만한 행운이 깃든 낡고 귀한 기록입니다.,정규(러닝),legendary,35.0,,,,,,,
68,숨가쁜 환희,"마의 결계 '섬데이'를 산산조각 내고 침대의 중력을 완전히 이겨낸, 위대하고 눈부신 승리입니다.",정규(러닝),mythic,36.0,,,,,,,
69,한계의 목격자,"숨이 턱 끝까지 차오르는 순간, 무의식의 차원 '화이트 룸'의 문고리를 거머쥔 초월적이고 환상적인 기록입니다.",정규(러닝),common,38.0,,,,,,,
70,한계의 목격자,달콤한 냄새가 밴 이 파편은 환상의 푸드트럭 '무명(無名)'을 쫓는 미식가들의 발자취와 겹쳐집니다.,정규(러닝),rare,39.0,,,,,,,
71,한계의 목격자,전설의 루트 '블랙 트랙'을 누비는 아스팔트 레인저들의 거친 숨결이 이 궤적에 고스란히 담겨 있습니다.,정규(러닝),legendary,40.0,,,,,,,
72,한계의 목격자,당신의 성실한 발걸음에 감탄한 숲속의 갱단이 은밀한 '그루터기 살롱'의 길을 열어줄지도 모릅니다.,정규(러닝),mythic,41.0,,,,,,,
73,중력을 거스르는 자,환상의 뷰포인트 '매직 아워 25시'를 향해 달리는 셔터 마피아들도 당신의 완벽한 궤적엔 찬사를 보냅니다.,정규(러닝),common,43.0,,,,,,,
74,중력을 거스르는 자,"심야의 암시장 '카본 앨리'에서도 쉽게 거래되지 않을, 오직 당신의 엔진만으로 이뤄낸 값진 성과입니다.",정규(러닝),rare,44.0,,,,,,,
75,중력을 거스르는 자,자유의 성지 '벙커 18:01'에 도착한 오피스 탈주닌자들과 함께 축배를 들 만한 훌륭한 땀방울입니다.,정규(러닝),legendary,45.0,,,,,,,
76,중력을 거스르는 자,환상의 음료가 담긴 '오아시스 자판기'를 찾아 헤매는 포션 연금술사들도 이 폭발적인 에너지에는 혀를 내두릅니다.,정규(러닝),mythic,46.0,,,,,,,
77,질주의 카타르시스,분실물 센터 '999'의 문이 열린 걸까요? 아날로그 수집가들이 탐낼 만한 행운이 깃든 낡고 귀한 기록입니다.,정규(러닝),common,48.0,,,,,,,
78,질주의 카타르시스,"마의 결계 '섬데이'를 산산조각 내고 침대의 중력을 완전히 이겨낸, 위대하고 눈부신 승리입니다.",정규(러닝),rare,49.0,,,,,,,
79,질주의 카타르시스,"숨이 턱 끝까지 차오르는 순간, 무의식의 차원 '화이트 룸'의 문고리를 거머쥔 초월적이고 환상적인 기록입니다.",정규(러닝),legendary,50.0,,,,,,,
80,질주의 카타르시스,달콤한 냄새가 밴 이 파편은 환상의 푸드트럭 '무명(無名)'을 쫓는 미식가들의 발자취와 겹쳐집니다.,정규(러닝),mythic,51.0,,,,,,,
81,멈추지 않는 심장,전설의 루트 '블랙 트랙'을 누비는 아스팔트 레인저들의 거친 숨결이 이 궤적에 고스란히 담겨 있습니다.,정규(러닝),common,53.0,,,,,,,
82,멈추지 않는 심장,당신의 성실한 발걸음에 감탄한 숲속의 갱단이 은밀한 '그루터기 살롱'의 길을 열어줄지도 모릅니다.,정규(러닝),rare,54.0,,,,,,,
83,멈추지 않는 심장,환상의 뷰포인트 '매직 아워 25시'를 향해 달리는 셔터 마피아들도 당신의 완벽한 궤적엔 찬사를 보냅니다.,정규(러닝),legendary,55.0,,,,,,,
84,멈추지 않는 심장,"심야의 암시장 '카본 앨리'에서도 쉽게 거래되지 않을, 오직 당신의 엔진만으로 이뤄낸 값진 성과입니다.",정규(러닝),mythic,56.0,,,,,,,
85,고독한 스프린터,자유의 성지 '벙커 18:01'에 도착한 오피스 탈주닌자들과 함께 축배를 들 만한 훌륭한 땀방울입니다.,정규(러닝),common,58.0,,,,,,,
86,고독한 스프린터,환상의 음료가 담긴 '오아시스 자판기'를 찾아 헤매는 포션 연금술사들도 이 폭발적인 에너지에는 혀를 내두릅니다.,정규(러닝),rare,59.0,,,,,,,
87,고독한 스프린터,분실물 센터 '999'의 문이 열린 걸까요? 아날로그 수집가들이 탐낼 만한 행운이 깃든 낡고 귀한 기록입니다.,정규(러닝),legendary,60.0,,,,,,,
88,고독한 스프린터,"마의 결계 '섬데이'를 산산조각 내고 침대의 중력을 완전히 이겨낸, 위대하고 눈부신 승리입니다.",정규(러닝),mythic,61.0,,,,,,,
89,폭풍의 눈,"숨이 턱 끝까지 차오르는 순간, 무의식의 차원 '화이트 룸'의 문고리를 거머쥔 초월적이고 환상적인 기록입니다.",정규(러닝),common,63.0,,,,,,,
90,폭풍의 눈,달콤한 냄새가 밴 이 파편은 환상의 푸드트럭 '무명(無名)'을 쫓는 미식가들의 발자취와 겹쳐집니다.,정규(러닝),rare,64.0,,,,,,,
91,폭풍의 눈,전설의 루트 '블랙 트랙'을 누비는 아스팔트 레인저들의 거친 숨결이 이 궤적에 고스란히 담겨 있습니다.,정규(러닝),legendary,65.0,,,,,,,
92,폭풍의 눈,당신의 성실한 발걸음에 감탄한 숲속의 갱단이 은밀한 '그루터기 살롱'의 길을 열어줄지도 모릅니다.,정규(러닝),mythic,66.0,,,,,,,
93,러너스 하이,환상의 뷰포인트 '매직 아워 25시'를 향해 달리는 셔터 마피아들도 당신의 완벽한 궤적엔 찬사를 보냅니다.,정규(러닝),common,68.0,,,,,,,
94,러너스 하이,"심야의 암시장 '카본 앨리'에서도 쉽게 거래되지 않을, 오직 당신의 엔진만으로 이뤄낸 값진 성과입니다.",정규(러닝),rare,69.0,,,,,,,
95,러너스 하이,자유의 성지 '벙커 18:01'에 도착한 오피스 탈주닌자들과 함께 축배를 들 만한 훌륭한 땀방울입니다.,정규(러닝),legendary,70.0,,,,,,,
96,러너스 하이,환상의 음료가 담긴 '오아시스 자판기'를 찾아 헤매는 포션 연금술사들도 이 폭발적인 에너지에는 혀를 내두릅니다.,정규(러닝),mythic,71.0,,,,,,,
97,무호흡의 질주,분실물 센터 '999'의 문이 열린 걸까요? 아날로그 수집가들이 탐낼 만한 행운이 깃든 낡고 귀한 기록입니다.,정규(러닝),common,73.0,,,,,,,
98,무호흡의 질주,"마의 결계 '섬데이'를 산산조각 내고 침대의 중력을 완전히 이겨낸, 위대하고 눈부신 승리입니다.",정규(러닝),rare,74.0,,,,,,,
99,무호흡의 질주,"숨이 턱 끝까지 차오르는 순간, 무의식의 차원 '화이트 룸'의 문고리를 거머쥔 초월적이고 환상적인 기록입니다.",정규(러닝),legendary,75.0,,,,,,,
100,무호흡의 질주,달콤한 냄새가 밴 이 파편은 환상의 푸드트럭 '무명(無名)'을 쫓는 미식가들의 발자취와 겹쳐집니다.,정규(러닝),mythic,76.0,,,,,,,
101,두 바퀴의 시작,전설의 루트 '블랙 트랙'을 누비는 아스팔트 레인저들의 거친 숨결이 이 궤적에 고스란히 담겨 있습니다.,정규(자전거),common,10.0,,,,,,,
102,두 바퀴의 시작,당신의 성실한 발걸음에 감탄한 숲속의 갱단이 은밀한 '그루터기 살롱'의 길을 열어줄지도 모릅니다.,정규(자전거),rare,15.0,,,,,,,
103,두 바퀴의 시작,환상의 뷰포인트 '매직 아워 25시'를 향해 달리는 셔터 마피아들도 당신의 완벽한 궤적엔 찬사를 보냅니다.,정규(자전거),legendary,20.0,,,,,,,
104,두 바퀴의 시작,"심야의 암시장 '카본 앨리'에서도 쉽게 거래되지 않을, 오직 당신의 엔진만으로 이뤄낸 값진 성과입니다.",정규(자전거),mythic,25.0,,,,,,,
105,페달의 노래,자유의 성지 '벙커 18:01'에 도착한 오피스 탈주닌자들과 함께 축배를 들 만한 훌륭한 땀방울입니다.,정규(자전거),common,35.0,,,,,,,
106,페달의 노래,환상의 음료가 담긴 '오아시스 자판기'를 찾아 헤매는 포션 연금술사들도 이 폭발적인 에너지에는 혀를 내두릅니다.,정규(자전거),rare,40.0,,,,,,,
107,페달의 노래,분실물 센터 '999'의 문이 열린 걸까요? 아날로그 수집가들이 탐낼 만한 행운이 깃든 낡고 귀한 기록입니다.,정규(자전거),legendary,45.0,,,,,,,
108,페달의 노래,"마의 결계 '섬데이'를 산산조각 내고 침대의 중력을 완전히 이겨낸, 위대하고 눈부신 승리입니다.",정규(자전거),mythic,50.0,,,,,,,
109,안장 위의 방랑자,"숨이 턱 끝까지 차오르는 순간, 무의식의 차원 '화이트 룸'의 문고리를 거머쥔 초월적이고 환상적인 기록입니다.",정규(자전거),common,60.0,,,,,,,
110,안장 위의 방랑자,달콤한 냄새가 밴 이 파편은 환상의 푸드트럭 '무명(無名)'을 쫓는 미식가들의 발자취와 겹쳐집니다.,정규(자전거),rare,65.0,,,,,,,
111,안장 위의 방랑자,전설의 루트 '블랙 트랙'을 누비는 아스팔트 레인저들의 거친 숨결이 이 궤적에 고스란히 담겨 있습니다.,정규(자전거),legendary,70.0,,,,,,,
112,안장 위의 방랑자,당신의 성실한 발걸음에 감탄한 숲속의 갱단이 은밀한 '그루터기 살롱'의 길을 열어줄지도 모릅니다.,정규(자전거),mythic,75.0,,,,,,,
113,바람을 가르는 자,환상의 뷰포인트 '매직 아워 25시'를 향해 달리는 셔터 마피아들도 당신의 완벽한 궤적엔 찬사를 보냅니다.,정규(자전거),common,85.0,,,,,,,
114,바람을 가르는 자,"심야의 암시장 '카본 앨리'에서도 쉽게 거래되지 않을, 오직 당신의 엔진만으로 이뤄낸 값진 성과입니다.",정규(자전거),rare,90.0,,,,,,,
115,바람을 가르는 자,자유의 성지 '벙커 18:01'에 도착한 오피스 탈주닌자들과 함께 축배를 들 만한 훌륭한 땀방울입니다.,정규(자전거),legendary,95.0,,,,,,,
116,바람을 가르는 자,환상의 음료가 담긴 '오아시스 자판기'를 찾아 헤매는 포션 연금술사들도 이 폭발적인 에너지에는 혀를 내두릅니다.,정규(자전거),mythic,100.0,,,,,,,
117,기어의 변주곡,분실물 센터 '999'의 문이 열린 걸까요? 아날로그 수집가들이 탐낼 만한 행운이 깃든 낡고 귀한 기록입니다.,정규(자전거),common,110.0,,,,,,,
118,기어의 변주곡,"마의 결계 '섬데이'를 산산조각 내고 침대의 중력을 완전히 이겨낸, 위대하고 눈부신 승리입니다.",정규(자전거),rare,115.0,,,,,,,
119,기어의 변주곡,"숨이 턱 끝까지 차오르는 순간, 무의식의 차원 '화이트 룸'의 문고리를 거머쥔 초월적이고 환상적인 기록입니다.",정규(자전거),legendary,120.0,,,,,,,
120,기어의 변주곡,달콤한 냄새가 밴 이 파편은 환상의 푸드트럭 '무명(無名)'을 쫓는 미식가들의 발자취와 겹쳐집니다.,정규(자전거),mythic,125.0,,,,,,,
121,아스팔트 서퍼,전설의 루트 '블랙 트랙'을 누비는 아스팔트 레인저들의 거친 숨결이 이 궤적에 고스란히 담겨 있습니다.,정규(자전거),common,135.0,,,,,,,
122,아스팔트 서퍼,당신의 성실한 발걸음에 감탄한 숲속의 갱단이 은밀한 '그루터기 살롱'의 길을 열어줄지도 모릅니다.,정규(자전거),rare,140.0,,,,,,,
123,아스팔트 서퍼,환상의 뷰포인트 '매직 아워 25시'를 향해 달리는 셔터 마피아들도 당신의 완벽한 궤적엔 찬사를 보냅니다.,정규(자전거),legendary,145.0,,,,,,,
124,아스팔트 서퍼,"심야의 암시장 '카본 앨리'에서도 쉽게 거래되지 않을, 오직 당신의 엔진만으로 이뤄낸 값진 성과입니다.",정규(자전거),mythic,150.0,,,,,,,
125,체인의 비명,자유의 성지 '벙커 18:01'에 도착한 오피스 탈주닌자들과 함께 축배를 들 만한 훌륭한 땀방울입니다.,정규(자전거),common,160.0,,,,,,,
126,체인의 비명,환상의 음료가 담긴 '오아시스 자판기'를 찾아 헤매는 포션 연금술사들도 이 폭발적인 에너지에는 혀를 내두릅니다.,정규(자전거),rare,165.0,,,,,,,
127,체인의 비명,분실물 센터 '999'의 문이 열린 걸까요? 아날로그 수집가들이 탐낼 만한 행운이 깃든 낡고 귀한 기록입니다.,정규(자전거),legendary,170.0,,,,,,,
128,체인의 비명,"마의 결계 '섬데이'를 산산조각 내고 침대의 중력을 완전히 이겨낸, 위대하고 눈부신 승리입니다.",정규(자전거),mythic,175.0,,,,,,,
129,허벅지의 반란,"숨이 턱 끝까지 차오르는 순간, 무의식의 차원 '화이트 룸'의 문고리를 거머쥔 초월적이고 환상적인 기록입니다.",정규(자전거),common,185.0,,,,,,,
130,허벅지의 반란,달콤한 냄새가 밴 이 파편은 환상의 푸드트럭 '무명(無名)'을 쫓는 미식가들의 발자취와 겹쳐집니다.,정규(자전거),rare,190.0,,,,,,,
131,허벅지의 반란,전설의 루트 '블랙 트랙'을 누비는 아스팔트 레인저들의 거친 숨결이 이 궤적에 고스란히 담겨 있습니다.,정규(자전거),legendary,195.0,,,,,,,
132,허벅지의 반란,당신의 성실한 발걸음에 감탄한 숲속의 갱단이 은밀한 '그루터기 살롱'의 길을 열어줄지도 모릅니다.,정규(자전거),mythic,200.0,,,,,,,
133,자전거 도로의 유령,환상의 뷰포인트 '매직 아워 25시'를 향해 달리는 셔터 마피아들도 당신의 완벽한 궤적엔 찬사를 보냅니다.,정규(자전거),common,210.0,,,,,,,
134,자전거 도로의 유령,"심야의 암시장 '카본 앨리'에서도 쉽게 거래되지 않을, 오직 당신의 엔진만으로 이뤄낸 값진 성과입니다.",정규(자전거),rare,215.0,,,,,,,
135,자전거 도로의 유령,자유의 성지 '벙커 18:01'에 도착한 오피스 탈주닌자들과 함께 축배를 들 만한 훌륭한 땀방울입니다.,정규(자전거),legendary,220.0,,,,,,,
136,자전거 도로의 유령,환상의 음료가 담긴 '오아시스 자판기'를 찾아 헤매는 포션 연금술사들도 이 폭발적인 에너지에는 혀를 내두릅니다.,정규(자전거),mythic,225.0,,,,,,,
137,다운힐의 쾌감,분실물 센터 '999'의 문이 열린 걸까요? 아날로그 수집가들이 탐낼 만한 행운이 깃든 낡고 귀한 기록입니다.,정규(자전거),common,235.0,,,,,,,
138,다운힐의 쾌감,"마의 결계 '섬데이'를 산산조각 내고 침대의 중력을 완전히 이겨낸, 위대하고 눈부신 승리입니다.",정규(자전거),rare,240.0,,,,,,,
139,다운힐의 쾌감,"숨이 턱 끝까지 차오르는 순간, 무의식의 차원 '화이트 룸'의 문고리를 거머쥔 초월적이고 환상적인 기록입니다.",정규(자전거),legendary,245.0,,,,,,,
140,다운힐의 쾌감,달콤한 냄새가 밴 이 파편은 환상의 푸드트럭 '무명(無名)'을 쫓는 미식가들의 발자취와 겹쳐집니다.,정규(자전거),mythic,250.0,,,,,,,
141,업힐의 지배자,전설의 루트 '블랙 트랙'을 누비는 아스팔트 레인저들의 거친 숨결이 이 궤적에 고스란히 담겨 있습니다.,정규(자전거),common,260.0,,,,,,,
142,업힐의 지배자,당신의 성실한 발걸음에 감탄한 숲속의 갱단이 은밀한 '그루터기 살롱'의 길을 열어줄지도 모릅니다.,정규(자전거),rare,265.0,,,,,,,
143,업힐의 지배자,환상의 뷰포인트 '매직 아워 25시'를 향해 달리는 셔터 마피아들도 당신의 완벽한 궤적엔 찬사를 보냅니다.,정규(자전거),legendary,270.0,,,,,,,
144,업힐의 지배자,"심야의 암시장 '카본 앨리'에서도 쉽게 거래되지 않을, 오직 당신의 엔진만으로 이뤄낸 값진 성과입니다.",정규(자전거),mythic,275.0,,,,,,,
145,무한의 기어,자유의 성지 '벙커 18:01'에 도착한 오피스 탈주닌자들과 함께 축배를 들 만한 훌륭한 땀방울입니다.,정규(자전거),common,285.0,,,,,,,
146,무한의 기어,환상의 음료가 담긴 '오아시스 자판기'를 찾아 헤매는 포션 연금술사들도 이 폭발적인 에너지에는 혀를 내두릅니다.,정규(자전거),rare,290.0,,,,,,,
147,무한의 기어,분실물 센터 '999'의 문이 열린 걸까요? 아날로그 수집가들이 탐낼 만한 행운이 깃든 낡고 귀한 기록입니다.,정규(자전거),legendary,295.0,,,,,,,
148,무한의 기어,"마의 결계 '섬데이'를 산산조각 내고 침대의 중력을 완전히 이겨낸, 위대하고 눈부신 승리입니다.",정규(자전거),mythic,300.0,,,,,,,
149,폭주하는 엔진,"숨이 턱 끝까지 차오르는 순간, 무의식의 차원 '화이트 룸'의 문고리를 거머쥔 초월적이고 환상적인 기록입니다.",정규(자전거),common,310.0,,,,,,,
150,폭주하는 엔진,달콤한 냄새가 밴 이 파편은 환상의 푸드트럭 '무명(無名)'을 쫓는 미식가들의 발자취와 겹쳐집니다.,정규(자전거),rare,315.0,,,,,,,
151,폭주하는 엔진,전설의 루트 '블랙 트랙'을 누비는 아스팔트 레인저들의 거친 숨결이 이 궤적에 고스란히 담겨 있습니다.,정규(자전거),legendary,320.0,,,,,,,
152,폭주하는 엔진,당신의 성실한 발걸음에 감탄한 숲속의 갱단이 은밀한 '그루터기 살롱'의 길을 열어줄지도 모릅니다.,정규(자전거),mythic,325.0,,,,,,,
153,광속의 라이더,환상의 뷰포인트 '매직 아워 25시'를 향해 달리는 셔터 마피아들도 당신의 완벽한 궤적엔 찬사를 보냅니다.,정규(자전거),common,335.0,,,,,,,
154,광속의 라이더,"심야의 암시장 '카본 앨리'에서도 쉽게 거래되지 않을, 오직 당신의 엔진만으로 이뤄낸 값진 성과입니다.",정규(자전거),rare,340.0,,,,,,,
155,광속의 라이더,자유의 성지 '벙커 18:01'에 도착한 오피스 탈주닌자들과 함께 축배를 들 만한 훌륭한 땀방울입니다.,정규(자전거),legendary,345.0,,,,,,,
156,광속의 라이더,환상의 음료가 담긴 '오아시스 자판기'를 찾아 헤매는 포션 연금술사들도 이 폭발적인 에너지에는 혀를 내두릅니다.,정규(자전거),mythic,350.0,,,,,,,
157,두 바퀴의 전설,분실물 센터 '999'의 문이 열린 걸까요? 아날로그 수집가들이 탐낼 만한 행운이 깃든 낡고 귀한 기록입니다.,정규(자전거),common,360.0,,,,,,,
158,두 바퀴의 전설,"마의 결계 '섬데이'를 산산조각 내고 침대의 중력을 완전히 이겨낸, 위대하고 눈부신 승리입니다.",정규(자전거),rare,365.0,,,,,,,
159,두 바퀴의 전설,"숨이 턱 끝까지 차오르는 순간, 무의식의 차원 '화이트 룸'의 문고리를 거머쥔 초월적이고 환상적인 기록입니다.",정규(자전거),legendary,370.0,,,,,,,
160,두 바퀴의 전설,달콤한 냄새가 밴 이 파편은 환상의 푸드트럭 '무명(無名)'을 쫓는 미식가들의 발자취와 겹쳐집니다.,정규(자전거),mythic,375.0,,,,,,,
161,언덕의 도전자,전설의 루트 '블랙 트랙'을 누비는 아스팔트 레인저들의 거친 숨결이 이 궤적에 고스란히 담겨 있습니다.,정규(고도),common,,50,,,,,,
162,언덕의 도전자,당신의 성실한 발걸음에 감탄한 숲속의 갱단이 은밀한 '그루터기 살롱'의 길을 열어줄지도 모릅니다.,정규(고도),rare,,100,,,,,,
163,언덕의 도전자,환상의 뷰포인트 '매직 아워 25시'를 향해 달리는 셔터 마피아들도 당신의 완벽한 궤적엔 찬사를 보냅니다.,정규(고도),legendary,,150,,,,,,
164,언덕의 도전자,"심야의 암시장 '카본 앨리'에서도 쉽게 거래되지 않을, 오직 당신의 엔진만으로 이뤄낸 값진 성과입니다.",정규(고도),mythic,,200,,,,,,
165,비탈길의 투사,자유의 성지 '벙커 18:01'에 도착한 오피스 탈주닌자들과 함께 축배를 들 만한 훌륭한 땀방울입니다.,정규(고도),common,,300,,,,,,
166,비탈길의 투사,환상의 음료가 담긴 '오아시스 자판기'를 찾아 헤매는 포션 연금술사들도 이 폭발적인 에너지에는 혀를 내두릅니다.,정규(고도),rare,,350,,,,,,
167,비탈길의 투사,분실물 센터 '999'의 문이 열린 걸까요? 아날로그 수집가들이 탐낼 만한 행운이 깃든 낡고 귀한 기록입니다.,정규(고도),legendary,,400,,,,,,
168,비탈길의 투사,"마의 결계 '섬데이'를 산산조각 내고 침대의 중력을 완전히 이겨낸, 위대하고 눈부신 승리입니다.",정규(고도),mythic,,450,,,,,,
169,구름을 향한 발걸음,"숨이 턱 끝까지 차오르는 순간, 무의식의 차원 '화이트 룸'의 문고리를 거머쥔 초월적이고 환상적인 기록입니다.",정규(고도),common,,550,,,,,,
170,구름을 향한 발걸음,달콤한 냄새가 밴 이 파편은 환상의 푸드트럭 '무명(無名)'을 쫓는 미식가들의 발자취와 겹쳐집니다.,정규(고도),rare,,600,,,,,,
171,구름을 향한 발걸음,전설의 루트 '블랙 트랙'을 누비는 아스팔트 레인저들의 거친 숨결이 이 궤적에 고스란히 담겨 있습니다.,정규(고도),legendary,,650,,,,,,
172,구름을 향한 발걸음,당신의 성실한 발걸음에 감탄한 숲속의 갱단이 은밀한 '그루터기 살롱'의 길을 열어줄지도 모릅니다.,정규(고도),mythic,,700,,,,,,
173,하늘과 닿은 자,환상의 뷰포인트 '매직 아워 25시'를 향해 달리는 셔터 마피아들도 당신의 완벽한 궤적엔 찬사를 보냅니다.,정규(고도),common,,800,,,,,,
174,하늘과 닿은 자,"심야의 암시장 '카본 앨리'에서도 쉽게 거래되지 않을, 오직 당신의 엔진만으로 이뤄낸 값진 성과입니다.",정규(고도),rare,,850,,,,,,
175,하늘과 닿은 자,자유의 성지 '벙커 18:01'에 도착한 오피스 탈주닌자들과 함께 축배를 들 만한 훌륭한 땀방울입니다.,정규(고도),legendary,,900,,,,,,
176,하늘과 닿은 자,환상의 음료가 담긴 '오아시스 자판기'를 찾아 헤매는 포션 연금술사들도 이 폭발적인 에너지에는 혀를 내두릅니다.,정규(고도),mythic,,950,,,,,,
177,고도의 정복자,분실물 센터 '999'의 문이 열린 걸까요? 아날로그 수집가들이 탐낼 만한 행운이 깃든 낡고 귀한 기록입니다.,정규(고도),common,,1050,,,,,,
178,고도의 정복자,"마의 결계 '섬데이'를 산산조각 내고 침대의 중력을 완전히 이겨낸, 위대하고 눈부신 승리입니다.",정규(고도),rare,,1100,,,,,,
179,고도의 정복자,"숨이 턱 끝까지 차오르는 순간, 무의식의 차원 '화이트 룸'의 문고리를 거머쥔 초월적이고 환상적인 기록입니다.",정규(고도),legendary,,1150,,,,,,
180,고도의 정복자,달콤한 냄새가 밴 이 파편은 환상의 푸드트럭 '무명(無名)'을 쫓는 미식가들의 발자취와 겹쳐집니다.,정규(고도),mythic,,1200,,,,,,
181,산맥의 그림자,전설의 루트 '블랙 트랙'을 누비는 아스팔트 레인저들의 거친 숨결이 이 궤적에 고스란히 담겨 있습니다.,정규(고도),common,,1300,,,,,,
182,산맥의 그림자,당신의 성실한 발걸음에 감탄한 숲속의 갱단이 은밀한 '그루터기 살롱'의 길을 열어줄지도 모릅니다.,정규(고도),rare,,1350,,,,,,
183,산맥의 그림자,환상의 뷰포인트 '매직 아워 25시'를 향해 달리는 셔터 마피아들도 당신의 완벽한 궤적엔 찬사를 보냅니다.,정규(고도),legendary,,1400,,,,,,
184,산맥의 그림자,"심야의 암시장 '카본 앨리'에서도 쉽게 거래되지 않을, 오직 당신의 엔진만으로 이뤄낸 값진 성과입니다.",정규(고도),mythic,,1450,,,,,,
185,대기의 경계선,자유의 성지 '벙커 18:01'에 도착한 오피스 탈주닌자들과 함께 축배를 들 만한 훌륭한 땀방울입니다.,정규(고도),common,,1550,,,,,,
186,대기의 경계선,환상의 음료가 담긴 '오아시스 자판기'를 찾아 헤매는 포션 연금술사들도 이 폭발적인 에너지에는 혀를 내두릅니다.,정규(고도),rare,,1600,,,,,,
187,대기의 경계선,분실물 센터 '999'의 문이 열린 걸까요? 아날로그 수집가들이 탐낼 만한 행운이 깃든 낡고 귀한 기록입니다.,정규(고도),legendary,,1650,,,,,,
188,대기의 경계선,"마의 결계 '섬데이'를 산산조각 내고 침대의 중력을 완전히 이겨낸, 위대하고 눈부신 승리입니다.",정규(고도),mythic,,1700,,,,,,
189,중력의 저항군,"숨이 턱 끝까지 차오르는 순간, 무의식의 차원 '화이트 룸'의 문고리를 거머쥔 초월적이고 환상적인 기록입니다.",정규(고도),common,,1800,,,,,,
190,중력의 저항군,달콤한 냄새가 밴 이 파편은 환상의 푸드트럭 '무명(無名)'을 쫓는 미식가들의 발자취와 겹쳐집니다.,정규(고도),rare,,1850,,,,,,
191,중력의 저항군,전설의 루트 '블랙 트랙'을 누비는 아스팔트 레인저들의 거친 숨결이 이 궤적에 고스란히 담겨 있습니다.,정규(고도),legendary,,1900,,,,,,
192,중력의 저항군,당신의 성실한 발걸음에 감탄한 숲속의 갱단이 은밀한 '그루터기 살롱'의 길을 열어줄지도 모릅니다.,정규(고도),mythic,,1950,,,,,,
193,태양과 가장 가까운 곳,환상의 뷰포인트 '매직 아워 25시'를 향해 달리는 셔터 마피아들도 당신의 완벽한 궤적엔 찬사를 보냅니다.,정규(고도),common,,2050,,,,,,
194,태양과 가장 가까운 곳,"심야의 암시장 '카본 앨리'에서도 쉽게 거래되지 않을, 오직 당신의 엔진만으로 이뤄낸 값진 성과입니다.",정규(고도),rare,,2100,,,,,,
195,태양과 가장 가까운 곳,자유의 성지 '벙커 18:01'에 도착한 오피스 탈주닌자들과 함께 축배를 들 만한 훌륭한 땀방울입니다.,정규(고도),legendary,,2150,,,,,,
196,태양과 가장 가까운 곳,환상의 음료가 담긴 '오아시스 자판기'를 찾아 헤매는 포션 연금술사들도 이 폭발적인 에너지에는 혀를 내두릅니다.,정규(고도),mythic,,2200,,,,,,
197,대지의 기둥,분실물 센터 '999'의 문이 열린 걸까요? 아날로그 수집가들이 탐낼 만한 행운이 깃든 낡고 귀한 기록입니다.,정규(고도),common,,2300,,,,,,
198,대지의 기둥,"마의 결계 '섬데이'를 산산조각 내고 침대의 중력을 완전히 이겨낸, 위대하고 눈부신 승리입니다.",정규(고도),rare,,2350,,,,,,
199,대지의 기둥,"숨이 턱 끝까지 차오르는 순간, 무의식의 차원 '화이트 룸'의 문고리를 거머쥔 초월적이고 환상적인 기록입니다.",정규(고도),legendary,,2400,,,,,,
200,대지의 기둥,달콤한 냄새가 밴 이 파편은 환상의 푸드트럭 '무명(無名)'을 쫓는 미식가들의 발자취와 겹쳐집니다.,정규(고도),mythic,,2450,,,,,,
201,시간의 마술사,전설의 루트 '블랙 트랙'을 누비는 아스팔트 레인저들의 거친 숨결이 이 궤적에 고스란히 담겨 있습니다.,정규(시간),common,,,,,15,,,
202,시간의 마술사,당신의 성실한 발걸음에 감탄한 숲속의 갱단이 은밀한 '그루터기 살롱'의 길을 열어줄지도 모릅니다.,정규(시간),rare,,,,,25,,,
203,시간의 마술사,환상의 뷰포인트 '매직 아워 25시'를 향해 달리는 셔터 마피아들도 당신의 완벽한 궤적엔 찬사를 보냅니다.,정규(시간),legendary,,,,,35,,,
204,시간의 마술사,"심야의 암시장 '카본 앨리'에서도 쉽게 거래되지 않을, 오직 당신의 엔진만으로 이뤄낸 값진 성과입니다.",정규(시간),mythic,,,,,45,,,
205,찰나의 몰입,자유의 성지 '벙커 18:01'에 도착한 오피스 탈주닌자들과 함께 축배를 들 만한 훌륭한 땀방울입니다.,정규(시간),common,,,,,60,,,
206,찰나의 몰입,환상의 음료가 담긴 '오아시스 자판기'를 찾아 헤매는 포션 연금술사들도 이 폭발적인 에너지에는 혀를 내두릅니다.,정규(시간),rare,,,,,70,,,
207,찰나의 몰입,분실물 센터 '999'의 문이 열린 걸까요? 아날로그 수집가들이 탐낼 만한 행운이 깃든 낡고 귀한 기록입니다.,정규(시간),legendary,,,,,80,,,
208,찰나의 몰입,"마의 결계 '섬데이'를 산산조각 내고 침대의 중력을 완전히 이겨낸, 위대하고 눈부신 승리입니다.",정규(시간),mythic,,,,,90,,,
209,멈추지 않는 시계,"숨이 턱 끝까지 차오르는 순간, 무의식의 차원 '화이트 룸'의 문고리를 거머쥔 초월적이고 환상적인 기록입니다.",정규(시간),common,,,,,105,,,
210,멈추지 않는 시계,달콤한 냄새가 밴 이 파편은 환상의 푸드트럭 '무명(無名)'을 쫓는 미식가들의 발자취와 겹쳐집니다.,정규(시간),rare,,,,,115,,,
211,멈추지 않는 시계,전설의 루트 '블랙 트랙'을 누비는 아스팔트 레인저들의 거친 숨결이 이 궤적에 고스란히 담겨 있습니다.,정규(시간),legendary,,,,,125,,,
212,멈추지 않는 시계,당신의 성실한 발걸음에 감탄한 숲속의 갱단이 은밀한 '그루터기 살롱'의 길을 열어줄지도 모릅니다.,정규(시간),mythic,,,,,135,,,
213,고요한 지속,환상의 뷰포인트 '매직 아워 25시'를 향해 달리는 셔터 마피아들도 당신의 완벽한 궤적엔 찬사를 보냅니다.,정규(시간),common,,,,,150,,,
214,고요한 지속,"심야의 암시장 '카본 앨리'에서도 쉽게 거래되지 않을, 오직 당신의 엔진만으로 이뤄낸 값진 성과입니다.",정규(시간),rare,,,,,160,,,
215,고요한 지속,자유의 성지 '벙커 18:01'에 도착한 오피스 탈주닌자들과 함께 축배를 들 만한 훌륭한 땀방울입니다.,정규(시간),legendary,,,,,170,,,
216,고요한 지속,환상의 음료가 담긴 '오아시스 자판기'를 찾아 헤매는 포션 연금술사들도 이 폭발적인 에너지에는 혀를 내두릅니다.,정규(시간),mythic,,,,,180,,,
217,영원의 궤도,분실물 센터 '999'의 문이 열린 걸까요? 아날로그 수집가들이 탐낼 만한 행운이 깃든 낡고 귀한 기록입니다.,정규(시간),common,,,,,195,,,
218,영원의 궤도,"마의 결계 '섬데이'를 산산조각 내고 침대의 중력을 완전히 이겨낸, 위대하고 눈부신 승리입니다.",정규(시간),rare,,,,,205,,,
219,영원의 궤도,"숨이 턱 끝까지 차오르는 순간, 무의식의 차원 '화이트 룸'의 문고리를 거머쥔 초월적이고 환상적인 기록입니다.",정규(시간),legendary,,,,,215,,,
220,영원의 궤도,달콤한 냄새가 밴 이 파편은 환상의 푸드트럭 '무명(無名)'을 쫓는 미식가들의 발자취와 겹쳐집니다.,정규(시간),mythic,,,,,225,,,
221,시간의 축적,전설의 루트 '블랙 트랙'을 누비는 아스팔트 레인저들의 거친 숨결이 이 궤적에 고스란히 담겨 있습니다.,정규(시간),common,,,,,240,,,
222,시간의 축적,당신의 성실한 발걸음에 감탄한 숲속의 갱단이 은밀한 '그루터기 살롱'의 길을 열어줄지도 모릅니다.,정규(시간),rare,,,,,250,,,
223,시간의 축적,환상의 뷰포인트 '매직 아워 25시'를 향해 달리는 셔터 마피아들도 당신의 완벽한 궤적엔 찬사를 보냅니다.,정규(시간),legendary,,,,,260,,,
224,시간의 축적,"심야의 암시장 '카본 앨리'에서도 쉽게 거래되지 않을, 오직 당신의 엔진만으로 이뤄낸 값진 성과입니다.",정규(시간),mythic,,,,,270,,,
225,끈기의 미학,자유의 성지 '벙커 18:01'에 도착한 오피스 탈주닌자들과 함께 축배를 들 만한 훌륭한 땀방울입니다.,정규(시간),common,,,,,285,,,
226,끈기의 미학,환상의 음료가 담긴 '오아시스 자판기'를 찾아 헤매는 포션 연금술사들도 이 폭발적인 에너지에는 혀를 내두릅니다.,정규(시간),rare,,,,,295,,,
227,끈기의 미학,분실물 센터 '999'의 문이 열린 걸까요? 아날로그 수집가들이 탐낼 만한 행운이 깃든 낡고 귀한 기록입니다.,정규(시간),legendary,,,,,305,,,
228,끈기의 미학,"마의 결계 '섬데이'를 산산조각 내고 침대의 중력을 완전히 이겨낸, 위대하고 눈부신 승리입니다.",정규(시간),mythic,,,,,315,,,
229,멈춤 없는 모래시계,"숨이 턱 끝까지 차오르는 순간, 무의식의 차원 '화이트 룸'의 문고리를 거머쥔 초월적이고 환상적인 기록입니다.",정규(시간),common,,,,,330,,,
230,멈춤 없는 모래시계,달콤한 냄새가 밴 이 파편은 환상의 푸드트럭 '무명(無名)'을 쫓는 미식가들의 발자취와 겹쳐집니다.,정규(시간),rare,,,,,340,,,
231,멈춤 없는 모래시계,전설의 루트 '블랙 트랙'을 누비는 아스팔트 레인저들의 거친 숨결이 이 궤적에 고스란히 담겨 있습니다.,정규(시간),legendary,,,,,350,,,
232,멈춤 없는 모래시계,당신의 성실한 발걸음에 감탄한 숲속의 갱단이 은밀한 '그루터기 살롱'의 길을 열어줄지도 모릅니다.,정규(시간),mythic,,,,,360,,,
233,시간의 지배자,환상의 뷰포인트 '매직 아워 25시'를 향해 달리는 셔터 마피아들도 당신의 완벽한 궤적엔 찬사를 보냅니다.,정규(시간),common,,,,,375,,,
234,시간의 지배자,"심야의 암시장 '카본 앨리'에서도 쉽게 거래되지 않을, 오직 당신의 엔진만으로 이뤄낸 값진 성과입니다.",정규(시간),rare,,,,,385,,,
235,시간의 지배자,자유의 성지 '벙커 18:01'에 도착한 오피스 탈주닌자들과 함께 축배를 들 만한 훌륭한 땀방울입니다.,정규(시간),legendary,,,,,395,,,
236,시간의 지배자,환상의 음료가 담긴 '오아시스 자판기'를 찾아 헤매는 포션 연금술사들도 이 폭발적인 에너지에는 혀를 내두릅니다.,정규(시간),mythic,,,,,405,,,
237,영원을 걷는 자,분실물 센터 '999'의 문이 열린 걸까요? 아날로그 수집가들이 탐낼 만한 행운이 깃든 낡고 귀한 기록입니다.,정규(시간),common,,,,,420,,,
238,영원을 걷는 자,"마의 결계 '섬데이'를 산산조각 내고 침대의 중력을 완전히 이겨낸, 위대하고 눈부신 승리입니다.",정규(시간),rare,,,,,430,,,
239,영원을 걷는 자,"숨이 턱 끝까지 차오르는 순간, 무의식의 차원 '화이트 룸'의 문고리를 거머쥔 초월적이고 환상적인 기록입니다.",정규(시간),legendary,,,,,440,,,
240,영원을 걷는 자,달콤한 냄새가 밴 이 파편은 환상의 푸드트럭 '무명(無名)'을 쫓는 미식가들의 발자취와 겹쳐집니다.,정규(시간),mythic,,,,,450,,,
241,리듬의 발견,전설의 루트 '블랙 트랙'을 누비는 아스팔트 레인저들의 거친 숨결이 이 궤적에 고스란히 담겨 있습니다.,정규(속도),common,,,8.0,,,,,
242,리듬의 발견,당신의 성실한 발걸음에 감탄한 숲속의 갱단이 은밀한 '그루터기 살롱'의 길을 열어줄지도 모릅니다.,정규(속도),rare,,,9.0,,,,,
243,리듬의 발견,환상의 뷰포인트 '매직 아워 25시'를 향해 달리는 셔터 마피아들도 당신의 완벽한 궤적엔 찬사를 보냅니다.,정규(속도),legendary,,,10.0,,,,,
244,리듬의 발견,"심야의 암시장 '카본 앨리'에서도 쉽게 거래되지 않을, 오직 당신의 엔진만으로 이뤄낸 값진 성과입니다.",정규(속도),mythic,,,11.0,,,,,
245,바람의 파편,자유의 성지 '벙커 18:01'에 도착한 오피스 탈주닌자들과 함께 축배를 들 만한 훌륭한 땀방울입니다.,정규(속도),common,,,12.5,,,,,
246,바람의 파편,환상의 음료가 담긴 '오아시스 자판기'를 찾아 헤매는 포션 연금술사들도 이 폭발적인 에너지에는 혀를 내두릅니다.,정규(속도),rare,,,13.5,,,,,
247,바람의 파편,분실물 센터 '999'의 문이 열린 걸까요? 아날로그 수집가들이 탐낼 만한 행운이 깃든 낡고 귀한 기록입니다.,정규(속도),legendary,,,14.5,,,,,
248,바람의 파편,"마의 결계 '섬데이'를 산산조각 내고 침대의 중력을 완전히 이겨낸, 위대하고 눈부신 승리입니다.",정규(속도),mythic,,,15.5,,,,,
249,가속의 쾌감,"숨이 턱 끝까지 차오르는 순간, 무의식의 차원 '화이트 룸'의 문고리를 거머쥔 초월적이고 환상적인 기록입니다.",정규(속도),common,,,17.0,,,,,
250,가속의 쾌감,달콤한 냄새가 밴 이 파편은 환상의 푸드트럭 '무명(無名)'을 쫓는 미식가들의 발자취와 겹쳐집니다.,정규(속도),rare,,,18.0,,,,,
251,가속의 쾌감,전설의 루트 '블랙 트랙'을 누비는 아스팔트 레인저들의 거친 숨결이 이 궤적에 고스란히 담겨 있습니다.,정규(속도),legendary,,,19.0,,,,,
252,가속의 쾌감,당신의 성실한 발걸음에 감탄한 숲속의 갱단이 은밀한 '그루터기 살롱'의 길을 열어줄지도 모릅니다.,정규(속도),mythic,,,20.0,,,,,
253,허물어지는 풍경,환상의 뷰포인트 '매직 아워 25시'를 향해 달리는 셔터 마피아들도 당신의 완벽한 궤적엔 찬사를 보냅니다.,정규(속도),common,,,21.5,,,,,
254,허물어지는 풍경,"심야의 암시장 '카본 앨리'에서도 쉽게 거래되지 않을, 오직 당신의 엔진만으로 이뤄낸 값진 성과입니다.",정규(속도),rare,,,22.5,,,,,
255,허물어지는 풍경,자유의 성지 '벙커 18:01'에 도착한 오피스 탈주닌자들과 함께 축배를 들 만한 훌륭한 땀방울입니다.,정규(속도),legendary,,,23.5,,,,,
256,허물어지는 풍경,환상의 음료가 담긴 '오아시스 자판기'를 찾아 헤매는 포션 연금술사들도 이 폭발적인 에너지에는 혀를 내두릅니다.,정규(속도),mythic,,,24.5,,,,,
257,쏜살같은 궤적,분실물 센터 '999'의 문이 열린 걸까요? 아날로그 수집가들이 탐낼 만한 행운이 깃든 낡고 귀한 기록입니다.,정규(속도),common,,,26.0,,,,,
258,쏜살같은 궤적,"마의 결계 '섬데이'를 산산조각 내고 침대의 중력을 완전히 이겨낸, 위대하고 눈부신 승리입니다.",정규(속도),rare,,,27.0,,,,,
259,쏜살같은 궤적,"숨이 턱 끝까지 차오르는 순간, 무의식의 차원 '화이트 룸'의 문고리를 거머쥔 초월적이고 환상적인 기록입니다.",정규(속도),legendary,,,28.0,,,,,
260,쏜살같은 궤적,달콤한 냄새가 밴 이 파편은 환상의 푸드트럭 '무명(無名)'을 쫓는 미식가들의 발자취와 겹쳐집니다.,정규(속도),mythic,,,29.0,,,,,
261,질주의 미학,전설의 루트 '블랙 트랙'을 누비는 아스팔트 레인저들의 거친 숨결이 이 궤적에 고스란히 담겨 있습니다.,정규(속도),common,,,30.5,,,,,
262,질주의 미학,당신의 성실한 발걸음에 감탄한 숲속의 갱단이 은밀한 '그루터기 살롱'의 길을 열어줄지도 모릅니다.,정규(속도),rare,,,31.5,,,,,
263,질주의 미학,환상의 뷰포인트 '매직 아워 25시'를 향해 달리는 셔터 마피아들도 당신의 완벽한 궤적엔 찬사를 보냅니다.,정규(속도),legendary,,,32.5,,,,,
264,질주의 미학,"심야의 암시장 '카본 앨리'에서도 쉽게 거래되지 않을, 오직 당신의 엔진만으로 이뤄낸 값진 성과입니다.",정규(속도),mythic,,,33.5,,,,,
265,한계 속도 돌파,자유의 성지 '벙커 18:01'에 도착한 오피스 탈주닌자들과 함께 축배를 들 만한 훌륭한 땀방울입니다.,정규(속도),common,,,35.0,,,,,
266,한계 속도 돌파,환상의 음료가 담긴 '오아시스 자판기'를 찾아 헤매는 포션 연금술사들도 이 폭발적인 에너지에는 혀를 내두릅니다.,정규(속도),rare,,,36.0,,,,,
267,한계 속도 돌파,분실물 센터 '999'의 문이 열린 걸까요? 아날로그 수집가들이 탐낼 만한 행운이 깃든 낡고 귀한 기록입니다.,정규(속도),legendary,,,37.0,,,,,
268,한계 속도 돌파,"마의 결계 '섬데이'를 산산조각 내고 침대의 중력을 완전히 이겨낸, 위대하고 눈부신 승리입니다.",정규(속도),mythic,,,38.0,,,,,
269,음속의 파편,"숨이 턱 끝까지 차오르는 순간, 무의식의 차원 '화이트 룸'의 문고리를 거머쥔 초월적이고 환상적인 기록입니다.",정규(속도),common,,,39.5,,,,,
270,음속의 파편,달콤한 냄새가 밴 이 파편은 환상의 푸드트럭 '무명(無名)'을 쫓는 미식가들의 발자취와 겹쳐집니다.,정규(속도),rare,,,40.5,,,,,
271,음속의 파편,전설의 루트 '블랙 트랙'을 누비는 아스팔트 레인저들의 거친 숨결이 이 궤적에 고스란히 담겨 있습니다.,정규(속도),legendary,,,41.5,,,,,
272,음속의 파편,당신의 성실한 발걸음에 감탄한 숲속의 갱단이 은밀한 '그루터기 살롱'의 길을 열어줄지도 모릅니다.,정규(속도),mythic,,,42.5,,,,,
273,빛의 잔상,환상의 뷰포인트 '매직 아워 25시'를 향해 달리는 셔터 마피아들도 당신의 완벽한 궤적엔 찬사를 보냅니다.,정규(속도),common,,,44.0,,,,,
274,빛의 잔상,"심야의 암시장 '카본 앨리'에서도 쉽게 거래되지 않을, 오직 당신의 엔진만으로 이뤄낸 값진 성과입니다.",정규(속도),rare,,,45.0,,,,,
275,빛의 잔상,자유의 성지 '벙커 18:01'에 도착한 오피스 탈주닌자들과 함께 축배를 들 만한 훌륭한 땀방울입니다.,정규(속도),legendary,,,46.0,,,,,
276,빛의 잔상,환상의 음료가 담긴 '오아시스 자판기'를 찾아 헤매는 포션 연금술사들도 이 폭발적인 에너지에는 혀를 내두릅니다.,정규(속도),mythic,,,47.0,,,,,
277,차원을 넘은 속도,분실물 센터 '999'의 문이 열린 걸까요? 아날로그 수집가들이 탐낼 만한 행운이 깃든 낡고 귀한 기록입니다.,정규(속도),common,,,48.5,,,,,
278,차원을 넘은 속도,"마의 결계 '섬데이'를 산산조각 내고 침대의 중력을 완전히 이겨낸, 위대하고 눈부신 승리입니다.",정규(속도),rare,,,49.5,,,,,
279,차원을 넘은 속도,"숨이 턱 끝까지 차오르는 순간, 무의식의 차원 '화이트 룸'의 문고리를 거머쥔 초월적이고 환상적인 기록입니다.",정규(속도),legendary,,,50.5,,,,,
280,차원을 넘은 속도,달콤한 냄새가 밴 이 파편은 환상의 푸드트럭 '무명(無名)'을 쫓는 미식가들의 발자취와 겹쳐집니다.,정규(속도),mythic,,,51.5,,,,,
281,작심삼일의 파괴자,전설의 루트 '블랙 트랙'을 누비는 아스팔트 레인저들의 거친 숨결이 이 궤적에 고스란히 담겨 있습니다.,정규(연속),common,,,,,,3,,
282,작심삼일의 파괴자,당신의 성실한 발걸음에 감탄한 숲속의 갱단이 은밀한 '그루터기 살롱'의 길을 열어줄지도 모릅니다.,정규(연속),rare,,,,,,4,,
283,작심삼일의 파괴자,환상의 뷰포인트 '매직 아워 25시'를 향해 달리는 셔터 마피아들도 당신의 완벽한 궤적엔 찬사를 보냅니다.,정규(연속),legendary,,,,,,5,,
284,작심삼일의 파괴자,"심야의 암시장 '카본 앨리'에서도 쉽게 거래되지 않을, 오직 당신의 엔진만으로 이뤄낸 값진 성과입니다.",정규(연속),mythic,,,,,,6,,
285,습관의 조각가,자유의 성지 '벙커 18:01'에 도착한 오피스 탈주닌자들과 함께 축배를 들 만한 훌륭한 땀방울입니다.,정규(연속),common,,,,,,8,,
286,습관의 조각가,환상의 음료가 담긴 '오아시스 자판기'를 찾아 헤매는 포션 연금술사들도 이 폭발적인 에너지에는 혀를 내두릅니다.,정규(연속),rare,,,,,,9,,
287,습관의 조각가,분실물 센터 '999'의 문이 열린 걸까요? 아날로그 수집가들이 탐낼 만한 행운이 깃든 낡고 귀한 기록입니다.,정규(연속),legendary,,,,,,10,,
288,습관의 조각가,"마의 결계 '섬데이'를 산산조각 내고 침대의 중력을 완전히 이겨낸, 위대하고 눈부신 승리입니다.",정규(연속),mythic,,,,,,11,,
289,멈추지 않는 톱니바퀴,"숨이 턱 끝까지 차오르는 순간, 무의식의 차원 '화이트 룸'의 문고리를 거머쥔 초월적이고 환상적인 기록입니다.",정규(연속),common,,,,,,13,,
290,멈추지 않는 톱니바퀴,달콤한 냄새가 밴 이 파편은 환상의 푸드트럭 '무명(無名)'을 쫓는 미식가들의 발자취와 겹쳐집니다.,정규(연속),rare,,,,,,14,,
291,멈추지 않는 톱니바퀴,전설의 루트 '블랙 트랙'을 누비는 아스팔트 레인저들의 거친 숨결이 이 궤적에 고스란히 담겨 있습니다.,정규(연속),legendary,,,,,,15,,
292,멈추지 않는 톱니바퀴,당신의 성실한 발걸음에 감탄한 숲속의 갱단이 은밀한 '그루터기 살롱'의 길을 열어줄지도 모릅니다.,정규(연속),mythic,,,,,,16,,
293,매일의 증명,환상의 뷰포인트 '매직 아워 25시'를 향해 달리는 셔터 마피아들도 당신의 완벽한 궤적엔 찬사를 보냅니다.,정규(연속),common,,,,,,18,,
294,매일의 증명,"심야의 암시장 '카본 앨리'에서도 쉽게 거래되지 않을, 오직 당신의 엔진만으로 이뤄낸 값진 성과입니다.",정규(연속),rare,,,,,,19,,
295,매일의 증명,자유의 성지 '벙커 18:01'에 도착한 오피스 탈주닌자들과 함께 축배를 들 만한 훌륭한 땀방울입니다.,정규(연속),legendary,,,,,,20,,
296,매일의 증명,환상의 음료가 담긴 '오아시스 자판기'를 찾아 헤매는 포션 연금술사들도 이 폭발적인 에너지에는 혀를 내두릅니다.,정규(연속),mythic,,,,,,21,,
297,일상의 기적,분실물 센터 '999'의 문이 열린 걸까요? 아날로그 수집가들이 탐낼 만한 행운이 깃든 낡고 귀한 기록입니다.,정규(연속),common,,,,,,23,,
298,일상의 기적,"마의 결계 '섬데이'를 산산조각 내고 침대의 중력을 완전히 이겨낸, 위대하고 눈부신 승리입니다.",정규(연속),rare,,,,,,24,,
299,일상의 기적,"숨이 턱 끝까지 차오르는 순간, 무의식의 차원 '화이트 룸'의 문고리를 거머쥔 초월적이고 환상적인 기록입니다.",정규(연속),legendary,,,,,,25,,
300,일상의 기적,달콤한 냄새가 밴 이 파편은 환상의 푸드트럭 '무명(無名)'을 쫓는 미식가들의 발자취와 겹쳐집니다.,정규(연속),mythic,,,,,,26,,
301,시간의 성벽,전설의 루트 '블랙 트랙'을 누비는 아스팔트 레인저들의 거친 숨결이 이 궤적에 고스란히 담겨 있습니다.,정규(연속),common,,,,,,28,,
302,시간의 성벽,당신의 성실한 발걸음에 감탄한 숲속의 갱단이 은밀한 '그루터기 살롱'의 길을 열어줄지도 모릅니다.,정규(연속),rare,,,,,,29,,
303,시간의 성벽,환상의 뷰포인트 '매직 아워 25시'를 향해 달리는 셔터 마피아들도 당신의 완벽한 궤적엔 찬사를 보냅니다.,정규(연속),legendary,,,,,,30,,
304,시간의 성벽,"심야의 암시장 '카본 앨리'에서도 쉽게 거래되지 않을, 오직 당신의 엔진만으로 이뤄낸 값진 성과입니다.",정규(연속),mythic,,,,,,31,,
305,철의 의지,자유의 성지 '벙커 18:01'에 도착한 오피스 탈주닌자들과 함께 축배를 들 만한 훌륭한 땀방울입니다.,정규(연속),common,,,,,,33,,
306,철의 의지,환상의 음료가 담긴 '오아시스 자판기'를 찾아 헤매는 포션 연금술사들도 이 폭발적인 에너지에는 혀를 내두릅니다.,정규(연속),rare,,,,,,34,,
307,철의 의지,분실물 센터 '999'의 문이 열린 걸까요? 아날로그 수집가들이 탐낼 만한 행운이 깃든 낡고 귀한 기록입니다.,정규(연속),legendary,,,,,,35,,
308,철의 의지,"마의 결계 '섬데이'를 산산조각 내고 침대의 중력을 완전히 이겨낸, 위대하고 눈부신 승리입니다.",정규(연속),mythic,,,,,,36,,
309,꺾이지 않는 투지,"숨이 턱 끝까지 차오르는 순간, 무의식의 차원 '화이트 룸'의 문고리를 거머쥔 초월적이고 환상적인 기록입니다.",정규(연속),common,,,,,,38,,
310,꺾이지 않는 투지,달콤한 냄새가 밴 이 파편은 환상의 푸드트럭 '무명(無名)'을 쫓는 미식가들의 발자취와 겹쳐집니다.,정규(연속),rare,,,,,,39,,
311,꺾이지 않는 투지,전설의 루트 '블랙 트랙'을 누비는 아스팔트 레인저들의 거친 숨결이 이 궤적에 고스란히 담겨 있습니다.,정규(연속),legendary,,,,,,40,,
312,꺾이지 않는 투지,당신의 성실한 발걸음에 감탄한 숲속의 갱단이 은밀한 '그루터기 살롱'의 길을 열어줄지도 모릅니다.,정규(연속),mythic,,,,,,41,,
313,영원의 루프,환상의 뷰포인트 '매직 아워 25시'를 향해 달리는 셔터 마피아들도 당신의 완벽한 궤적엔 찬사를 보냅니다.,정규(연속),common,,,,,,43,,
314,영원의 루프,"심야의 암시장 '카본 앨리'에서도 쉽게 거래되지 않을, 오직 당신의 엔진만으로 이뤄낸 값진 성과입니다.",정규(연속),rare,,,,,,44,,
315,영원의 루프,자유의 성지 '벙커 18:01'에 도착한 오피스 탈주닌자들과 함께 축배를 들 만한 훌륭한 땀방울입니다.,정규(연속),legendary,,,,,,45,,
316,영원의 루프,환상의 음료가 담긴 '오아시스 자판기'를 찾아 헤매는 포션 연금술사들도 이 폭발적인 에너지에는 혀를 내두릅니다.,정규(연속),mythic,,,,,,46,,
317,살아있는 전설,분실물 센터 '999'의 문이 열린 걸까요? 아날로그 수집가들이 탐낼 만한 행운이 깃든 낡고 귀한 기록입니다.,정규(연속),common,,,,,,48,,
318,살아있는 전설,"마의 결계 '섬데이'를 산산조각 내고 침대의 중력을 완전히 이겨낸, 위대하고 눈부신 승리입니다.",정규(연속),rare,,,,,,49,,
319,살아있는 전설,"숨이 턱 끝까지 차오르는 순간, 무의식의 차원 '화이트 룸'의 문고리를 거머쥔 초월적이고 환상적인 기록입니다.",정규(연속),legendary,,,,,,50,,
320,살아있는 전설,달콤한 냄새가 밴 이 파편은 환상의 푸드트럭 '무명(無名)'을 쫓는 미식가들의 발자취와 겹쳐집니다.,정규(연속),mythic,,,,,,51,,
321,새벽의 파수꾼,전설의 루트 '블랙 트랙'을 누비는 아스팔트 레인저들의 거친 숨결이 이 궤적에 고스란히 담겨 있습니다.,정규(야간),common,,,,,10,,,04:00-07:00
322,새벽의 파수꾼,당신의 성실한 발걸음에 감탄한 숲속의 갱단이 은밀한 '그루터기 살롱'의 길을 열어줄지도 모릅니다.,정규(야간),rare,,,,,20,,,04:00-07:00
323,새벽의 파수꾼,환상의 뷰포인트 '매직 아워 25시'를 향해 달리는 셔터 마피아들도 당신의 완벽한 궤적엔 찬사를 보냅니다.,정규(야간),legendary,,,,,30,,,04:00-07:00
324,새벽의 파수꾼,"심야의 암시장 '카본 앨리'에서도 쉽게 거래되지 않을, 오직 당신의 엔진만으로 이뤄낸 값진 성과입니다.",정규(야간),mythic,,,,,40,,,04:00-07:00
325,달빛 산책자,자유의 성지 '벙커 18:01'에 도착한 오피스 탈주닌자들과 함께 축배를 들 만한 훌륭한 땀방울입니다.,정규(야간),common,,,,,10,,,22:00-02:00
326,달빛 산책자,환상의 음료가 담긴 '오아시스 자판기'를 찾아 헤매는 포션 연금술사들도 이 폭발적인 에너지에는 혀를 내두릅니다.,정규(야간),rare,,,,,20,,,22:00-02:00
327,달빛 산책자,분실물 센터 '999'의 문이 열린 걸까요? 아날로그 수집가들이 탐낼 만한 행운이 깃든 낡고 귀한 기록입니다.,정규(야간),legendary,,,,,30,,,22:00-02:00
328,달빛 산책자,"마의 결계 '섬데이'를 산산조각 내고 침대의 중력을 완전히 이겨낸, 위대하고 눈부신 승리입니다.",정규(야간),mythic,,,,,40,,,22:00-02:00
329,고요한 밤의 손님,"숨이 턱 끝까지 차오르는 순간, 무의식의 차원 '화이트 룸'의 문고리를 거머쥔 초월적이고 환상적인 기록입니다.",정규(야간),common,,,,,10,,,04:00-07:00
330,고요한 밤의 손님,달콤한 냄새가 밴 이 파편은 환상의 푸드트럭 '무명(無名)'을 쫓는 미식가들의 발자취와 겹쳐집니다.,정규(야간),rare,,,,,20,,,04:00-07:00
331,고요한 밤의 손님,전설의 루트 '블랙 트랙'을 누비는 아스팔트 레인저들의 거친 숨결이 이 궤적에 고스란히 담겨 있습니다.,정규(야간),legendary,,,,,30,,,04:00-07:00
332,고요한 밤의 손님,당신의 성실한 발걸음에 감탄한 숲속의 갱단이 은밀한 '그루터기 살롱'의 길을 열어줄지도 모릅니다.,정규(야간),mythic,,,,,40,,,04:00-07:00
333,여명의 추적자,환상의 뷰포인트 '매직 아워 25시'를 향해 달리는 셔터 마피아들도 당신의 완벽한 궤적엔 찬사를 보냅니다.,정규(야간),common,,,,,10,,,22:00-02:00
334,여명의 추적자,"심야의 암시장 '카본 앨리'에서도 쉽게 거래되지 않을, 오직 당신의 엔진만으로 이뤄낸 값진 성과입니다.",정규(야간),rare,,,,,20,,,22:00-02:00
335,여명의 추적자,자유의 성지 '벙커 18:01'에 도착한 오피스 탈주닌자들과 함께 축배를 들 만한 훌륭한 땀방울입니다.,정규(야간),legendary,,,,,30,,,22:00-02:00
336,여명의 추적자,환상의 음료가 담긴 '오아시스 자판기'를 찾아 헤매는 포션 연금술사들도 이 폭발적인 에너지에는 혀를 내두릅니다.,정규(야간),mythic,,,,,40,,,22:00-02:00
337,별빛의 인도자,분실물 센터 '999'의 문이 열린 걸까요? 아날로그 수집가들이 탐낼 만한 행운이 깃든 낡고 귀한 기록입니다.,정규(야간),common,,,,,10,,,04:00-07:00
338,별빛의 인도자,"마의 결계 '섬데이'를 산산조각 내고 침대의 중력을 완전히 이겨낸, 위대하고 눈부신 승리입니다.",정규(야간),rare,,,,,20,,,04:00-07:00
339,별빛의 인도자,"숨이 턱 끝까지 차오르는 순간, 무의식의 차원 '화이트 룸'의 문고리를 거머쥔 초월적이고 환상적인 기록입니다.",정규(야간),legendary,,,,,30,,,04:00-07:00
340,별빛의 인도자,달콤한 냄새가 밴 이 파편은 환상의 푸드트럭 '무명(無名)'을 쫓는 미식가들의 발자취와 겹쳐집니다.,정규(야간),mythic,,,,,40,,,04:00-07:00
341,어둠을 가르는 자,전설의 루트 '블랙 트랙'을 누비는 아스팔트 레인저들의 거친 숨결이 이 궤적에 고스란히 담겨 있습니다.,정규(야간),common,,,,,10,,,22:00-02:00
342,어둠을 가르는 자,당신의 성실한 발걸음에 감탄한 숲속의 갱단이 은밀한 '그루터기 살롱'의 길을 열어줄지도 모릅니다.,정규(야간),rare,,,,,20,,,22:00-02:00
343,어둠을 가르는 자,환상의 뷰포인트 '매직 아워 25시'를 향해 달리는 셔터 마피아들도 당신의 완벽한 궤적엔 찬사를 보냅니다.,정규(야간),legendary,,,,,30,,,22:00-02:00
344,어둠을 가르는 자,"심야의 암시장 '카본 앨리'에서도 쉽게 거래되지 않을, 오직 당신의 엔진만으로 이뤄낸 값진 성과입니다.",정규(야간),mythic,,,,,40,,,22:00-02:00
345,새벽의 독주,자유의 성지 '벙커 18:01'에 도착한 오피스 탈주닌자들과 함께 축배를 들 만한 훌륭한 땀방울입니다.,정규(야간),common,,,,,10,,,04:00-07:00
346,새벽의 독주,환상의 음료가 담긴 '오아시스 자판기'를 찾아 헤매는 포션 연금술사들도 이 폭발적인 에너지에는 혀를 내두릅니다.,정규(야간),rare,,,,,20,,,04:00-07:00
347,새벽의 독주,분실물 센터 '999'의 문이 열린 걸까요? 아날로그 수집가들이 탐낼 만한 행운이 깃든 낡고 귀한 기록입니다.,정규(야간),legendary,,,,,30,,,04:00-07:00
348,새벽의 독주,"마의 결계 '섬데이'를 산산조각 내고 침대의 중력을 완전히 이겨낸, 위대하고 눈부신 승리입니다.",정규(야간),mythic,,,,,40,,,04:00-07:00
349,첫 햇살의 환영,"숨이 턱 끝까지 차오르는 순간, 무의식의 차원 '화이트 룸'의 문고리를 거머쥔 초월적이고 환상적인 기록입니다.",정규(야간),common,,,,,10,,,22:00-02:00
350,첫 햇살의 환영,달콤한 냄새가 밴 이 파편은 환상의 푸드트럭 '무명(無名)'을 쫓는 미식가들의 발자취와 겹쳐집니다.,정규(야간),rare,,,,,20,,,22:00-02:00
351,첫 햇살의 환영,전설의 루트 '블랙 트랙'을 누비는 아스팔트 레인저들의 거친 숨결이 이 궤적에 고스란히 담겨 있습니다.,정규(야간),legendary,,,,,30,,,22:00-02:00
352,첫 햇살의 환영,당신의 성실한 발걸음에 감탄한 숲속의 갱단이 은밀한 '그루터기 살롱'의 길을 열어줄지도 모릅니다.,정규(야간),mythic,,,,,40,,,22:00-02:00
353,그림자 사냥꾼,환상의 뷰포인트 '매직 아워 25시'를 향해 달리는 셔터 마피아들도 당신의 완벽한 궤적엔 찬사를 보냅니다.,정규(야간),common,,,,,10,,,04:00-07:00
354,그림자 사냥꾼,"심야의 암시장 '카본 앨리'에서도 쉽게 거래되지 않을, 오직 당신의 엔진만으로 이뤄낸 값진 성과입니다.",정규(야간),rare,,,,,20,,,04:00-07:00
355,그림자 사냥꾼,자유의 성지 '벙커 18:01'에 도착한 오피스 탈주닌자들과 함께 축배를 들 만한 훌륭한 땀방울입니다.,정규(야간),legendary,,,,,30,,,04:00-07:00
356,그림자 사냥꾼,환상의 음료가 담긴 '오아시스 자판기'를 찾아 헤매는 포션 연금술사들도 이 폭발적인 에너지에는 혀를 내두릅니다.,정규(야간),mythic,,,,,40,,,04:00-07:00
357,밤의 군주,분실물 센터 '999'의 문이 열린 걸까요? 아날로그 수집가들이 탐낼 만한 행운이 깃든 낡고 귀한 기록입니다.,정규(야간),common,,,,,10,,,22:00-02:00
358,밤의 군주,"마의 결계 '섬데이'를 산산조각 내고 침대의 중력을 완전히 이겨낸, 위대하고 눈부신 승리입니다.",정규(야간),rare,,,,,20,,,22:00-02:00
359,밤의 군주,"숨이 턱 끝까지 차오르는 순간, 무의식의 차원 '화이트 룸'의 문고리를 거머쥔 초월적이고 환상적인 기록입니다.",정규(야간),legendary,,,,,30,,,22:00-02:00
360,밤의 군주,달콤한 냄새가 밴 이 파편은 환상의 푸드트럭 '무명(無名)'을 쫓는 미식가들의 발자취와 겹쳐집니다.,정규(야간),mythic,,,,,40,,,22:00-02:00
361,첫눈의 발자국,전설의 루트 '블랙 트랙'을 누비는 아스팔트 레인저들의 거친 숨결이 이 궤적에 고스란히 담겨 있습니다.,정규(혹한),common,,,,5,,,,
362,첫눈의 발자국,당신의 성실한 발걸음에 감탄한 숲속의 갱단이 은밀한 '그루터기 살롱'의 길을 열어줄지도 모릅니다.,정규(혹한),rare,,,,3,,,,
363,첫눈의 발자국,환상의 뷰포인트 '매직 아워 25시'를 향해 달리는 셔터 마피아들도 당신의 완벽한 궤적엔 찬사를 보냅니다.,정규(혹한),legendary,,,,1,,,,
364,첫눈의 발자국,"심야의 암시장 '카본 앨리'에서도 쉽게 거래되지 않을, 오직 당신의 엔진만으로 이뤄낸 값진 성과입니다.",정규(혹한),mythic,,,,-1,,,,
365,서리 낀 숨결,자유의 성지 '벙커 18:01'에 도착한 오피스 탈주닌자들과 함께 축배를 들 만한 훌륭한 땀방울입니다.,정규(혹한),common,,,,0,,,,
366,서리 낀 숨결,환상의 음료가 담긴 '오아시스 자판기'를 찾아 헤매는 포션 연금술사들도 이 폭발적인 에너지에는 혀를 내두릅니다.,정규(혹한),rare,,,,-2,,,,
367,서리 낀 숨결,분실물 센터 '999'의 문이 열린 걸까요? 아날로그 수집가들이 탐낼 만한 행운이 깃든 낡고 귀한 기록입니다.,정규(혹한),legendary,,,,-4,,,,
368,서리 낀 숨결,"마의 결계 '섬데이'를 산산조각 내고 침대의 중력을 완전히 이겨낸, 위대하고 눈부신 승리입니다.",정규(혹한),mythic,,,,-6,,,,
369,얼어붙은 땀방울,"숨이 턱 끝까지 차오르는 순간, 무의식의 차원 '화이트 룸'의 문고리를 거머쥔 초월적이고 환상적인 기록입니다.",정규(혹한),common,,,,-5,,,,
370,얼어붙은 땀방울,달콤한 냄새가 밴 이 파편은 환상의 푸드트럭 '무명(無名)'을 쫓는 미식가들의 발자취와 겹쳐집니다.,정규(혹한),rare,,,,-7,,,,
371,얼어붙은 땀방울,전설의 루트 '블랙 트랙'을 누비는 아스팔트 레인저들의 거친 숨결이 이 궤적에 고스란히 담겨 있습니다.,정규(혹한),legendary,,,,-9,,,,
372,얼어붙은 땀방울,당신의 성실한 발걸음에 감탄한 숲속의 갱단이 은밀한 '그루터기 살롱'의 길을 열어줄지도 모릅니다.,정규(혹한),mythic,,,,-11,,,,
373,동장군의 친구,환상의 뷰포인트 '매직 아워 25시'를 향해 달리는 셔터 마피아들도 당신의 완벽한 궤적엔 찬사를 보냅니다.,정규(혹한),common,,,,-10,,,,
374,동장군의 친구,"심야의 암시장 '카본 앨리'에서도 쉽게 거래되지 않을, 오직 당신의 엔진만으로 이뤄낸 값진 성과입니다.",정규(혹한),rare,,,,-12,,,,
375,동장군의 친구,자유의 성지 '벙커 18:01'에 도착한 오피스 탈주닌자들과 함께 축배를 들 만한 훌륭한 땀방울입니다.,정규(혹한),legendary,,,,-14,,,,
376,동장군의 친구,환상의 음료가 담긴 '오아시스 자판기'를 찾아 헤매는 포션 연금술사들도 이 폭발적인 에너지에는 혀를 내두릅니다.,정규(혹한),mythic,,,,-16,,,,
377,혹한의 심장,분실물 센터 '999'의 문이 열린 걸까요? 아날로그 수집가들이 탐낼 만한 행운이 깃든 낡고 귀한 기록입니다.,정규(혹한),common,,,,-15,,,,
378,혹한의 심장,"마의 결계 '섬데이'를 산산조각 내고 침대의 중력을 완전히 이겨낸, 위대하고 눈부신 승리입니다.",정규(혹한),rare,,,,-17,,,,
379,혹한의 심장,"숨이 턱 끝까지 차오르는 순간, 무의식의 차원 '화이트 룸'의 문고리를 거머쥔 초월적이고 환상적인 기록입니다.",정규(혹한),legendary,,,,-19,,,,
380,혹한의 심장,달콤한 냄새가 밴 이 파편은 환상의 푸드트럭 '무명(無名)'을 쫓는 미식가들의 발자취와 겹쳐집니다.,정규(혹한),mythic,,,,-21,,,,
381,얼음꽃의 주인,전설의 루트 '블랙 트랙'을 누비는 아스팔트 레인저들의 거친 숨결이 이 궤적에 고스란히 담겨 있습니다.,정규(혹한),common,,,,-20,,,,
382,얼음꽃의 주인,당신의 성실한 발걸음에 감탄한 숲속의 갱단이 은밀한 '그루터기 살롱'의 길을 열어줄지도 모릅니다.,정규(혹한),rare,,,,-22,,,,
383,얼음꽃의 주인,환상의 뷰포인트 '매직 아워 25시'를 향해 달리는 셔터 마피아들도 당신의 완벽한 궤적엔 찬사를 보냅니다.,정규(혹한),legendary,,,,-24,,,,
384,얼음꽃의 주인,"심야의 암시장 '카본 앨리'에서도 쉽게 거래되지 않을, 오직 당신의 엔진만으로 이뤄낸 값진 성과입니다.",정규(혹한),mythic,,,,-26,,,,
385,눈보라의 지배자,자유의 성지 '벙커 18:01'에 도착한 오피스 탈주닌자들과 함께 축배를 들 만한 훌륭한 땀방울입니다.,정규(혹한),common,,,,-25,,,,
386,눈보라의 지배자,환상의 음료가 담긴 '오아시스 자판기'를 찾아 헤매는 포션 연금술사들도 이 폭발적인 에너지에는 혀를 내두릅니다.,정규(혹한),rare,,,,-27,,,,
387,눈보라의 지배자,분실물 센터 '999'의 문이 열린 걸까요? 아날로그 수집가들이 탐낼 만한 행운이 깃든 낡고 귀한 기록입니다.,정규(혹한),legendary,,,,-29,,,,
388,눈보라의 지배자,"마의 결계 '섬데이'를 산산조각 내고 침대의 중력을 완전히 이겨낸, 위대하고 눈부신 승리입니다.",정규(혹한),mythic,,,,-31,,,,
389,태양의 입맞춤,"숨이 턱 끝까지 차오르는 순간, 무의식의 차원 '화이트 룸'의 문고리를 거머쥔 초월적이고 환상적인 기록입니다.",정규(폭염),common,,,,25,,,,
390,태양의 입맞춤,달콤한 냄새가 밴 이 파편은 환상의 푸드트럭 '무명(無名)'을 쫓는 미식가들의 발자취와 겹쳐집니다.,정규(폭염),rare,,,,26,,,,
391,태양의 입맞춤,전설의 루트 '블랙 트랙'을 누비는 아스팔트 레인저들의 거친 숨결이 이 궤적에 고스란히 담겨 있습니다.,정규(폭염),legendary,,,,27,,,,
392,태양의 입맞춤,당신의 성실한 발걸음에 감탄한 숲속의 갱단이 은밀한 '그루터기 살롱'의 길을 열어줄지도 모릅니다.,정규(폭염),mythic,,,,28,,,,
397,아지랑이 헌터,분실물 센터 '999'의 문이 열린 걸까요? 아날로그 수집가들이 탐낼 만한 행운이 깃든 낡고 귀한 기록입니다.,정규(폭염),common,,,,29,,,,
398,아지랑이 헌터,"마의 결계 '섬데이'를 산산조각 내고 침대의 중력을 완전히 이겨낸, 위대하고 눈부신 승리입니다.",정규(폭염),rare,,,,30,,,,
399,아지랑이 헌터,"숨이 턱 끝까지 차오르는 순간, 무의식의 차원 '화이트 룸'의 문고리를 거머쥔 초월적이고 환상적인 기록입니다.",정규(폭염),legendary,,,,31,,,,
400,아지랑이 헌터,달콤한 냄새가 밴 이 파편은 환상의 푸드트럭 '무명(無名)'을 쫓는 미식가들의 발자취와 겹쳐집니다.,정규(폭염),mythic,,,,32,,,,
413,타오르는 투지,환상의 뷰포인트 '매직 아워 25시'를 향해 달리는 셔터 마피아들도 당신의 완벽한 궤적엔 찬사를 보냅니다.,정규(폭염),common,,,,33,,,,
414,타오르는 투지,"심야의 암시장 '카본 앨리'에서도 쉽게 거래되지 않을, 오직 당신의 엔진만으로 이뤄낸 값진 성과입니다.",정규(폭염),rare,,,,34,,,,
415,타오르는 투지,자유의 성지 '벙커 18:01'에 도착한 오피스 탈주닌자들과 함께 축배를 들 만한 훌륭한 땀방울입니다.,정규(폭염),legendary,,,,35,,,,
416,타오르는 투지,환상의 음료가 담긴 '오아시스 자판기'를 찾아 헤매는 포션 연금술사들도 이 폭발적인 에너지에는 혀를 내두릅니다.,정규(폭염),mythic,,,,36,,,,
417,폭염의 정복자,분실물 센터 '999'의 문이 열린 걸까요? 아날로그 수집가들이 탐낼 만한 행운이 깃든 낡고 귀한 기록입니다.,정규(폭염),common,,,,37,,,,
418,폭염의 정복자,"마의 결계 '섬데이'를 산산조각 내고 침대의 중력을 완전히 이겨낸, 위대하고 눈부신 승리입니다.",정규(폭염),rare,,,,38,,,,
419,폭염의 정복자,"숨이 턱 끝까지 차오르는 순간, 무의식의 차원 '화이트 룸'의 문고리를 거머쥔 초월적이고 환상적인 기록입니다.",정규(폭염),legendary,,,,39,,,,
420,폭염의 정복자,달콤한 냄새가 밴 이 파편은 환상의 푸드트럭 '무명(無名)'을 쫓는 미식가들의 발자취와 겹쳐집니다.,정규(폭염),mythic,,,,40,,,,
421,주간의 땀방울,전설의 루트 '블랙 트랙'을 누비는 아스팔트 레인저들의 거친 숨결이 이 궤적에 고스란히 담겨 있습니다.,기간제(주간),common,,,,,,,해당 주 2회 러닝,
422,주간의 땀방울,당신의 성실한 발걸음에 감탄한 숲속의 갱단이 은밀한 '그루터기 살롱'의 길을 열어줄지도 모릅니다.,기간제(주간),rare,,,,,,,해당 주 3회 러닝,
423,주간의 땀방울,환상의 뷰포인트 '매직 아워 25시'를 향해 달리는 셔터 마피아들도 당신의 완벽한 궤적엔 찬사를 보냅니다.,기간제(주간),legendary,,,,,,,해당 주 4회 러닝,
424,주간의 땀방울,"심야의 암시장 '카본 앨리'에서도 쉽게 거래되지 않을, 오직 당신의 엔진만으로 이뤄낸 값진 성과입니다.",기간제(주간),mythic,,,,,,,해당 주 5회 러닝,
425,일곱 번의 해돋이,자유의 성지 '벙커 18:01'에 도착한 오피스 탈주닌자들과 함께 축배를 들 만한 훌륭한 땀방울입니다.,기간제(주간),common,,,,,,,해당 주 2회 하이킹,
426,일곱 번의 해돋이,환상의 음료가 담긴 '오아시스 자판기'를 찾아 헤매는 포션 연금술사들도 이 폭발적인 에너지에는 혀를 내두릅니다.,기간제(주간),rare,,,,,,,해당 주 3회 하이킹,
427,일곱 번의 해돋이,분실물 센터 '999'의 문이 열린 걸까요? 아날로그 수집가들이 탐낼 만한 행운이 깃든 낡고 귀한 기록입니다.,기간제(주간),legendary,,,,,,,해당 주 4회 하이킹,
428,일곱 번의 해돋이,"마의 결계 '섬데이'를 산산조각 내고 침대의 중력을 완전히 이겨낸, 위대하고 눈부신 승리입니다.",기간제(주간),mythic,,,,,,,해당 주 5회 하이킹,
429,루틴의 마술사,"숨이 턱 끝까지 차오르는 순간, 무의식의 차원 '화이트 룸'의 문고리를 거머쥔 초월적이고 환상적인 기록입니다.",기간제(주간),common,,,,,,,해당 주 2회 러닝,
430,루틴의 마술사,달콤한 냄새가 밴 이 파편은 환상의 푸드트럭 '무명(無名)'을 쫓는 미식가들의 발자취와 겹쳐집니다.,기간제(주간),rare,,,,,,,해당 주 3회 러닝,
431,루틴의 마술사,전설의 루트 '블랙 트랙'을 누비는 아스팔트 레인저들의 거친 숨결이 이 궤적에 고스란히 담겨 있습니다.,기간제(주간),legendary,,,,,,,해당 주 4회 러닝,
432,루틴의 마술사,당신의 성실한 발걸음에 감탄한 숲속의 갱단이 은밀한 '그루터기 살롱'의 길을 열어줄지도 모릅니다.,기간제(주간),mythic,,,,,,,해당 주 5회 러닝,
433,위클리 챌린저,환상의 뷰포인트 '매직 아워 25시'를 향해 달리는 셔터 마피아들도 당신의 완벽한 궤적엔 찬사를 보냅니다.,기간제(주간),common,,,,,,,해당 주 2회 자전거,
434,위클리 챌린저,"심야의 암시장 '카본 앨리'에서도 쉽게 거래되지 않을, 오직 당신의 엔진만으로 이뤄낸 값진 성과입니다.",기간제(주간),rare,,,,,,,해당 주 3회 자전거,
435,위클리 챌린저,자유의 성지 '벙커 18:01'에 도착한 오피스 탈주닌자들과 함께 축배를 들 만한 훌륭한 땀방울입니다.,기간제(주간),legendary,,,,,,,해당 주 4회 자전거,
436,위클리 챌린저,환상의 음료가 담긴 '오아시스 자판기'를 찾아 헤매는 포션 연금술사들도 이 폭발적인 에너지에는 혀를 내두릅니다.,기간제(주간),mythic,,,,,,,해당 주 5회 자전거,
437,7일의 기적,분실물 센터 '999'의 문이 열린 걸까요? 아날로그 수집가들이 탐낼 만한 행운이 깃든 낡고 귀한 기록입니다.,기간제(주간),common,,,,,,,해당 주 2회 걷기,
438,7일의 기적,"마의 결계 '섬데이'를 산산조각 내고 침대의 중력을 완전히 이겨낸, 위대하고 눈부신 승리입니다.",기간제(주간),rare,,,,,,,해당 주 3회 걷기,
439,7일의 기적,"숨이 턱 끝까지 차오르는 순간, 무의식의 차원 '화이트 룸'의 문고리를 거머쥔 초월적이고 환상적인 기록입니다.",기간제(주간),legendary,,,,,,,해당 주 4회 걷기,
440,7일의 기적,달콤한 냄새가 밴 이 파편은 환상의 푸드트럭 '무명(無名)'을 쫓는 미식가들의 발자취와 겹쳐집니다.,기간제(주간),mythic,,,,,,,해당 주 5회 걷기,
441,주간의 정복자,전설의 루트 '블랙 트랙'을 누비는 아스팔트 레인저들의 거친 숨결이 이 궤적에 고스란히 담겨 있습니다.,기간제(주간),common,,,,,,,해당 주 2회 자전거,
442,주간의 정복자,당신의 성실한 발걸음에 감탄한 숲속의 갱단이 은밀한 '그루터기 살롱'의 길을 열어줄지도 모릅니다.,기간제(주간),rare,,,,,,,해당 주 3회 자전거,
443,주간의 정복자,환상의 뷰포인트 '매직 아워 25시'를 향해 달리는 셔터 마피아들도 당신의 완벽한 궤적엔 찬사를 보냅니다.,기간제(주간),legendary,,,,,,,해당 주 4회 자전거,
444,주간의 정복자,"심야의 암시장 '카본 앨리'에서도 쉽게 거래되지 않을, 오직 당신의 엔진만으로 이뤄낸 값진 성과입니다.",기간제(주간),mythic,,,,,,,해당 주 5회 자전거,
445,월화수목금토일,자유의 성지 '벙커 18:01'에 도착한 오피스 탈주닌자들과 함께 축배를 들 만한 훌륭한 땀방울입니다.,기간제(주간),common,,,,,,,해당 주 2회 걷기,
446,월화수목금토일,환상의 음료가 담긴 '오아시스 자판기'를 찾아 헤매는 포션 연금술사들도 이 폭발적인 에너지에는 혀를 내두릅니다.,기간제(주간),rare,,,,,,,해당 주 3회 걷기,
447,월화수목금토일,분실물 센터 '999'의 문이 열린 걸까요? 아날로그 수집가들이 탐낼 만한 행운이 깃든 낡고 귀한 기록입니다.,기간제(주간),legendary,,,,,,,해당 주 4회 걷기,
448,월화수목금토일,"마의 결계 '섬데이'를 산산조각 내고 침대의 중력을 완전히 이겨낸, 위대하고 눈부신 승리입니다.",기간제(주간),mythic,,,,,,,해당 주 5회 걷기,
449,성실함의 증명,"숨이 턱 끝까지 차오르는 순간, 무의식의 차원 '화이트 룸'의 문고리를 거머쥔 초월적이고 환상적인 기록입니다.",기간제(주간),common,,,,,,,해당 주 2회 러닝,
450,성실함의 증명,달콤한 냄새가 밴 이 파편은 환상의 푸드트럭 '무명(無名)'을 쫓는 미식가들의 발자취와 겹쳐집니다.,기간제(주간),rare,,,,,,,해당 주 3회 러닝,
451,성실함의 증명,전설의 루트 '블랙 트랙'을 누비는 아스팔트 레인저들의 거친 숨결이 이 궤적에 고스란히 담겨 있습니다.,기간제(주간),legendary,,,,,,,해당 주 4회 러닝,
452,성실함의 증명,당신의 성실한 발걸음에 감탄한 숲속의 갱단이 은밀한 '그루터기 살롱'의 길을 열어줄지도 모릅니다.,기간제(주간),mythic,,,,,,,해당 주 5회 러닝,
453,주간 마일리지,환상의 뷰포인트 '매직 아워 25시'를 향해 달리는 셔터 마피아들도 당신의 완벽한 궤적엔 찬사를 보냅니다.,기간제(주간),common,,,,,,,해당 주 2회 자전거,
454,주간 마일리지,"심야의 암시장 '카본 앨리'에서도 쉽게 거래되지 않을, 오직 당신의 엔진만으로 이뤄낸 값진 성과입니다.",기간제(주간),rare,,,,,,,해당 주 3회 자전거,
455,주간 마일리지,자유의 성지 '벙커 18:01'에 도착한 오피스 탈주닌자들과 함께 축배를 들 만한 훌륭한 땀방울입니다.,기간제(주간),legendary,,,,,,,해당 주 4회 자전거,
456,주간 마일리지,환상의 음료가 담긴 '오아시스 자판기'를 찾아 헤매는 포션 연금술사들도 이 폭발적인 에너지에는 혀를 내두릅니다.,기간제(주간),mythic,,,,,,,해당 주 5회 자전거,
457,쉼 없는 일주일,분실물 센터 '999'의 문이 열린 걸까요? 아날로그 수집가들이 탐낼 만한 행운이 깃든 낡고 귀한 기록입니다.,기간제(주간),common,,,,,,,해당 주 2회 하이킹,
458,쉼 없는 일주일,"마의 결계 '섬데이'를 산산조각 내고 침대의 중력을 완전히 이겨낸, 위대하고 눈부신 승리입니다.",기간제(주간),rare,,,,,,,해당 주 3회 하이킹,
459,쉼 없는 일주일,"숨이 턱 끝까지 차오르는 순간, 무의식의 차원 '화이트 룸'의 문고리를 거머쥔 초월적이고 환상적인 기록입니다.",기간제(주간),legendary,,,,,,,해당 주 4회 하이킹,
460,쉼 없는 일주일,달콤한 냄새가 밴 이 파편은 환상의 푸드트럭 '무명(無名)'을 쫓는 미식가들의 발자취와 겹쳐집니다.,기간제(주간),mythic,,,,,,,해당 주 5회 하이킹,
461,금주의 MVP,전설의 루트 '블랙 트랙'을 누비는 아스팔트 레인저들의 거친 숨결이 이 궤적에 고스란히 담겨 있습니다.,기간제(주간),common,,,,,,,해당 주 2회 러닝,
462,금주의 MVP,당신의 성실한 발걸음에 감탄한 숲속의 갱단이 은밀한 '그루터기 살롱'의 길을 열어줄지도 모릅니다.,기간제(주간),rare,,,,,,,해당 주 3회 러닝,
463,금주의 MVP,환상의 뷰포인트 '매직 아워 25시'를 향해 달리는 셔터 마피아들도 당신의 완벽한 궤적엔 찬사를 보냅니다.,기간제(주간),legendary,,,,,,,해당 주 4회 러닝,
464,금주의 MVP,"심야의 암시장 '카본 앨리'에서도 쉽게 거래되지 않을, 오직 당신의 엔진만으로 이뤄낸 값진 성과입니다.",기간제(주간),mythic,,,,,,,해당 주 5회 러닝,
465,주간의 방랑자,자유의 성지 '벙커 18:01'에 도착한 오피스 탈주닌자들과 함께 축배를 들 만한 훌륭한 땀방울입니다.,기간제(주간),common,,,,,,,해당 주 2회 걷기,
466,주간의 방랑자,환상의 음료가 담긴 '오아시스 자판기'를 찾아 헤매는 포션 연금술사들도 이 폭발적인 에너지에는 혀를 내두릅니다.,기간제(주간),rare,,,,,,,해당 주 3회 걷기,
467,주간의 방랑자,분실물 센터 '999'의 문이 열린 걸까요? 아날로그 수집가들이 탐낼 만한 행운이 깃든 낡고 귀한 기록입니다.,기간제(주간),legendary,,,,,,,해당 주 4회 걷기,
468,주간의 방랑자,"마의 결계 '섬데이'를 산산조각 내고 침대의 중력을 완전히 이겨낸, 위대하고 눈부신 승리입니다.",기간제(주간),mythic,,,,,,,해당 주 5회 걷기,
469,일주일의 유산,"숨이 턱 끝까지 차오르는 순간, 무의식의 차원 '화이트 룸'의 문고리를 거머쥔 초월적이고 환상적인 기록입니다.",기간제(주간),common,,,,,,,해당 주 2회 하이킹,
470,일주일의 유산,달콤한 냄새가 밴 이 파편은 환상의 푸드트럭 '무명(無名)'을 쫓는 미식가들의 발자취와 겹쳐집니다.,기간제(주간),rare,,,,,,,해당 주 3회 하이킹,
471,일주일의 유산,전설의 루트 '블랙 트랙'을 누비는 아스팔트 레인저들의 거친 숨결이 이 궤적에 고스란히 담겨 있습니다.,기간제(주간),legendary,,,,,,,해당 주 4회 하이킹,
472,일주일의 유산,당신의 성실한 발걸음에 감탄한 숲속의 갱단이 은밀한 '그루터기 살롱'의 길을 열어줄지도 모릅니다.,기간제(주간),mythic,,,,,,,해당 주 5회 하이킹,
473,1월: 혹한의 도전자,환상의 뷰포인트 '매직 아워 25시'를 향해 달리는 셔터 마피아들도 당신의 완벽한 궤적엔 찬사를 보냅니다.,기간제(월간),common,,,,,,,1월,월 누적 10km
474,1월: 혹한의 도전자,"심야의 암시장 '카본 앨리'에서도 쉽게 거래되지 않을, 오직 당신의 엔진만으로 이뤄낸 값진 성과입니다.",기간제(월간),rare,,,,,,,1월,월 누적 20km
475,1월: 혹한의 도전자,자유의 성지 '벙커 18:01'에 도착한 오피스 탈주닌자들과 함께 축배를 들 만한 훌륭한 땀방울입니다.,기간제(월간),legendary,,,,,,,1월,월 누적 30km
476,1월: 혹한의 도전자,환상의 음료가 담긴 '오아시스 자판기'를 찾아 헤매는 포션 연금술사들도 이 폭발적인 에너지에는 혀를 내두릅니다.,기간제(월간),mythic,,,,,,,1월,월 누적 40km
477,2월: 해빙의 발자국,분실물 센터 '999'의 문이 열린 걸까요? 아날로그 수집가들이 탐낼 만한 행운이 깃든 낡고 귀한 기록입니다.,기간제(월간),common,,,,,,,2월,월 누적 10km
478,2월: 해빙의 발자국,"마의 결계 '섬데이'를 산산조각 내고 침대의 중력을 완전히 이겨낸, 위대하고 눈부신 승리입니다.",기간제(월간),rare,,,,,,,2월,월 누적 20km
479,2월: 해빙의 발자국,"숨이 턱 끝까지 차오르는 순간, 무의식의 차원 '화이트 룸'의 문고리를 거머쥔 초월적이고 환상적인 기록입니다.",기간제(월간),legendary,,,,,,,2월,월 누적 30km
480,2월: 해빙의 발자국,달콤한 냄새가 밴 이 파편은 환상의 푸드트럭 '무명(無名)'을 쫓는 미식가들의 발자취와 겹쳐집니다.,기간제(월간),mythic,,,,,,,2월,월 누적 40km
481,3월: 새싹의 파수꾼,전설의 루트 '블랙 트랙'을 누비는 아스팔트 레인저들의 거친 숨결이 이 궤적에 고스란히 담겨 있습니다.,기간제(월간),common,,,,,,,3월,월 누적 10km
482,3월: 새싹의 파수꾼,당신의 성실한 발걸음에 감탄한 숲속의 갱단이 은밀한 '그루터기 살롱'의 길을 열어줄지도 모릅니다.,기간제(월간),rare,,,,,,,3월,월 누적 20km
483,3월: 새싹의 파수꾼,환상의 뷰포인트 '매직 아워 25시'를 향해 달리는 셔터 마피아들도 당신의 완벽한 궤적엔 찬사를 보냅니다.,기간제(월간),legendary,,,,,,,3월,월 누적 30km
484,3월: 새싹의 파수꾼,"심야의 암시장 '카본 앨리'에서도 쉽게 거래되지 않을, 오직 당신의 엔진만으로 이뤄낸 값진 성과입니다.",기간제(월간),mythic,,,,,,,3월,월 누적 40km
485,4월: 벚꽃의 방랑자,자유의 성지 '벙커 18:01'에 도착한 오피스 탈주닌자들과 함께 축배를 들 만한 훌륭한 땀방울입니다.,기간제(월간),common,,,,,,,4월,월 누적 10km
486,4월: 벚꽃의 방랑자,환상의 음료가 담긴 '오아시스 자판기'를 찾아 헤매는 포션 연금술사들도 이 폭발적인 에너지에는 혀를 내두릅니다.,기간제(월간),rare,,,,,,,4월,월 누적 20km
487,4월: 벚꽃의 방랑자,분실물 센터 '999'의 문이 열린 걸까요? 아날로그 수집가들이 탐낼 만한 행운이 깃든 낡고 귀한 기록입니다.,기간제(월간),legendary,,,,,,,4월,월 누적 30km
488,4월: 벚꽃의 방랑자,"마의 결계 '섬데이'를 산산조각 내고 침대의 중력을 완전히 이겨낸, 위대하고 눈부신 승리입니다.",기간제(월간),mythic,,,,,,,4월,월 누적 40km
489,5월: 푸른 바람의 기수,"숨이 턱 끝까지 차오르는 순간, 무의식의 차원 '화이트 룸'의 문고리를 거머쥔 초월적이고 환상적인 기록입니다.",기간제(월간),common,,,,,,,5월,월 누적 10km
490,5월: 푸른 바람의 기수,달콤한 냄새가 밴 이 파편은 환상의 푸드트럭 '무명(無名)'을 쫓는 미식가들의 발자취와 겹쳐집니다.,기간제(월간),rare,,,,,,,5월,월 누적 20km
491,5월: 푸른 바람의 기수,전설의 루트 '블랙 트랙'을 누비는 아스팔트 레인저들의 거친 숨결이 이 궤적에 고스란히 담겨 있습니다.,기간제(월간),legendary,,,,,,,5월,월 누적 30km
492,5월: 푸른 바람의 기수,당신의 성실한 발걸음에 감탄한 숲속의 갱단이 은밀한 '그루터기 살롱'의 길을 열어줄지도 모릅니다.,기간제(월간),mythic,,,,,,,5월,월 누적 40km
493,6월: 초여름의 전령,환상의 뷰포인트 '매직 아워 25시'를 향해 달리는 셔터 마피아들도 당신의 완벽한 궤적엔 찬사를 보냅니다.,기간제(월간),common,,,,,,,6월,월 누적 10km
494,6월: 초여름의 전령,"심야의 암시장 '카본 앨리'에서도 쉽게 거래되지 않을, 오직 당신의 엔진만으로 이뤄낸 값진 성과입니다.",기간제(월간),rare,,,,,,,6월,월 누적 20km
495,6월: 초여름의 전령,자유의 성지 '벙커 18:01'에 도착한 오피스 탈주닌자들과 함께 축배를 들 만한 훌륭한 땀방울입니다.,기간제(월간),legendary,,,,,,,6월,월 누적 30km
496,6월: 초여름의 전령,환상의 음료가 담긴 '오아시스 자판기'를 찾아 헤매는 포션 연금술사들도 이 폭발적인 에너지에는 혀를 내두릅니다.,기간제(월간),mythic,,,,,,,6월,월 누적 40km
497,7월: 폭염의 투사,분실물 센터 '999'의 문이 열린 걸까요? 아날로그 수집가들이 탐낼 만한 행운이 깃든 낡고 귀한 기록입니다.,기간제(월간),common,,,,,,,7월,월 누적 10km
498,7월: 폭염의 투사,"마의 결계 '섬데이'를 산산조각 내고 침대의 중력을 완전히 이겨낸, 위대하고 눈부신 승리입니다.",기간제(월간),rare,,,,,,,7월,월 누적 20km
499,7월: 폭염의 투사,"숨이 턱 끝까지 차오르는 순간, 무의식의 차원 '화이트 룸'의 문고리를 거머쥔 초월적이고 환상적인 기록입니다.",기간제(월간),legendary,,,,,,,7월,월 누적 30km
500,7월: 폭염의 투사,달콤한 냄새가 밴 이 파편은 환상의 푸드트럭 '무명(無名)'을 쫓는 미식가들의 발자취와 겹쳐집니다.,기간제(월간),mythic,,,,,,,7월,월 누적 40km
501,8월: 열대야의 그림자,전설의 루트 '블랙 트랙'을 누비는 아스팔트 레인저들의 거친 숨결이 이 궤적에 고스란히 담겨 있습니다.,기간제(월간),common,,,,,,,8월,월 누적 10km
502,8월: 열대야의 그림자,당신의 성실한 발걸음에 감탄한 숲속의 갱단이 은밀한 '그루터기 살롱'의 길을 열어줄지도 모릅니다.,기간제(월간),rare,,,,,,,8월,월 누적 20km
503,8월: 열대야의 그림자,환상의 뷰포인트 '매직 아워 25시'를 향해 달리는 셔터 마피아들도 당신의 완벽한 궤적엔 찬사를 보냅니다.,기간제(월간),legendary,,,,,,,8월,월 누적 30km
504,8월: 열대야의 그림자,"심야의 암시장 '카본 앨리'에서도 쉽게 거래되지 않을, 오직 당신의 엔진만으로 이뤄낸 값진 성과입니다.",기간제(월간),mythic,,,,,,,8월,월 누적 40km
505,9월: 가을비의 낭만,자유의 성지 '벙커 18:01'에 도착한 오피스 탈주닌자들과 함께 축배를 들 만한 훌륭한 땀방울입니다.,기간제(월간),common,,,,,,,9월,월 누적 10km
506,9월: 가을비의 낭만,환상의 음료가 담긴 '오아시스 자판기'를 찾아 헤매는 포션 연금술사들도 이 폭발적인 에너지에는 혀를 내두릅니다.,기간제(월간),rare,,,,,,,9월,월 누적 20km
507,9월: 가을비의 낭만,분실물 센터 '999'의 문이 열린 걸까요? 아날로그 수집가들이 탐낼 만한 행운이 깃든 낡고 귀한 기록입니다.,기간제(월간),legendary,,,,,,,9월,월 누적 30km
508,9월: 가을비의 낭만,"마의 결계 '섬데이'를 산산조각 내고 침대의 중력을 완전히 이겨낸, 위대하고 눈부신 승리입니다.",기간제(월간),mythic,,,,,,,9월,월 누적 40km
509,10월: 단풍의 추적자,"숨이 턱 끝까지 차오르는 순간, 무의식의 차원 '화이트 룸'의 문고리를 거머쥔 초월적이고 환상적인 기록입니다.",기간제(월간),common,,,,,,,10월,월 누적 10km
510,10월: 단풍의 추적자,달콤한 냄새가 밴 이 파편은 환상의 푸드트럭 '무명(無名)'을 쫓는 미식가들의 발자취와 겹쳐집니다.,기간제(월간),rare,,,,,,,10월,월 누적 20km
511,10월: 단풍의 추적자,전설의 루트 '블랙 트랙'을 누비는 아스팔트 레인저들의 거친 숨결이 이 궤적에 고스란히 담겨 있습니다.,기간제(월간),legendary,,,,,,,10월,월 누적 30km
512,10월: 단풍의 추적자,당신의 성실한 발걸음에 감탄한 숲속의 갱단이 은밀한 '그루터기 살롱'의 길을 열어줄지도 모릅니다.,기간제(월간),mythic,,,,,,,10월,월 누적 40km
513,11월: 낙엽의 순례자,환상의 뷰포인트 '매직 아워 25시'를 향해 달리는 셔터 마피아들도 당신의 완벽한 궤적엔 찬사를 보냅니다.,기간제(월간),common,,,,,,,11월,월 누적 10km
514,11월: 낙엽의 순례자,"심야의 암시장 '카본 앨리'에서도 쉽게 거래되지 않을, 오직 당신의 엔진만으로 이뤄낸 값진 성과입니다.",기간제(월간),rare,,,,,,,11월,월 누적 20km
515,11월: 낙엽의 순례자,자유의 성지 '벙커 18:01'에 도착한 오피스 탈주닌자들과 함께 축배를 들 만한 훌륭한 땀방울입니다.,기간제(월간),legendary,,,,,,,11월,월 누적 30km
516,11월: 낙엽의 순례자,환상의 음료가 담긴 '오아시스 자판기'를 찾아 헤매는 포션 연금술사들도 이 폭발적인 에너지에는 혀를 내두릅니다.,기간제(월간),mythic,,,,,,,11월,월 누적 40km
517,12월: 연말의 마에스트로,분실물 센터 '999'의 문이 열린 걸까요? 아날로그 수집가들이 탐낼 만한 행운이 깃든 낡고 귀한 기록입니다.,기간제(월간),common,,,,,,,12월,월 누적 10km
518,12월: 연말의 마에스트로,"마의 결계 '섬데이'를 산산조각 내고 침대의 중력을 완전히 이겨낸, 위대하고 눈부신 승리입니다.",기간제(월간),rare,,,,,,,12월,월 누적 20km
519,12월: 연말의 마에스트로,"숨이 턱 끝까지 차오르는 순간, 무의식의 차원 '화이트 룸'의 문고리를 거머쥔 초월적이고 환상적인 기록입니다.",기간제(월간),legendary,,,,,,,12월,월 누적 30km
520,12월: 연말의 마에스트로,달콤한 냄새가 밴 이 파편은 환상의 푸드트럭 '무명(無名)'을 쫓는 미식가들의 발자취와 겹쳐집니다.,기간제(월간),mythic,,,,,,,12월,월 누적 40km
521,봄바람의 추적자,전설의 루트 '블랙 트랙'을 누비는 아스팔트 레인저들의 거친 숨결이 이 궤적에 고스란히 담겨 있습니다.,기간제(시즌),common,,,,,,,,시즌 내 활동 5회
522,봄바람의 추적자,당신의 성실한 발걸음에 감탄한 숲속의 갱단이 은밀한 '그루터기 살롱'의 길을 열어줄지도 모릅니다.,기간제(시즌),rare,,,,,,,,시즌 내 활동 10회
523,봄바람의 추적자,환상의 뷰포인트 '매직 아워 25시'를 향해 달리는 셔터 마피아들도 당신의 완벽한 궤적엔 찬사를 보냅니다.,기간제(시즌),legendary,,,,,,,,시즌 내 활동 15회
524,봄바람의 추적자,"심야의 암시장 '카본 앨리'에서도 쉽게 거래되지 않을, 오직 당신의 엔진만으로 이뤄낸 값진 성과입니다.",기간제(시즌),mythic,,,,,,,,시즌 내 활동 20회
525,여름비의 무희,자유의 성지 '벙커 18:01'에 도착한 오피스 탈주닌자들과 함께 축배를 들 만한 훌륭한 땀방울입니다.,기간제(시즌),common,,,,,,,,시즌 내 활동 5회
526,여름비의 무희,환상의 음료가 담긴 '오아시스 자판기'를 찾아 헤매는 포션 연금술사들도 이 폭발적인 에너지에는 혀를 내두릅니다.,기간제(시즌),rare,,,,,,,,시즌 내 활동 10회
527,여름비의 무희,분실물 센터 '999'의 문이 열린 걸까요? 아날로그 수집가들이 탐낼 만한 행운이 깃든 낡고 귀한 기록입니다.,기간제(시즌),legendary,,,,,,,,시즌 내 활동 15회
528,여름비의 무희,"마의 결계 '섬데이'를 산산조각 내고 침대의 중력을 완전히 이겨낸, 위대하고 눈부신 승리입니다.",기간제(시즌),mythic,,,,,,,,시즌 내 활동 20회
529,가을 단풍의 방랑자,"숨이 턱 끝까지 차오르는 순간, 무의식의 차원 '화이트 룸'의 문고리를 거머쥔 초월적이고 환상적인 기록입니다.",기간제(시즌),common,,,,,,,,시즌 내 활동 5회
530,가을 단풍의 방랑자,달콤한 냄새가 밴 이 파편은 환상의 푸드트럭 '무명(無名)'을 쫓는 미식가들의 발자취와 겹쳐집니다.,기간제(시즌),rare,,,,,,,,시즌 내 활동 10회
531,가을 단풍의 방랑자,전설의 루트 '블랙 트랙'을 누비는 아스팔트 레인저들의 거친 숨결이 이 궤적에 고스란히 담겨 있습니다.,기간제(시즌),legendary,,,,,,,,시즌 내 활동 15회
532,가을 단풍의 방랑자,당신의 성실한 발걸음에 감탄한 숲속의 갱단이 은밀한 '그루터기 살롱'의 길을 열어줄지도 모릅니다.,기간제(시즌),mythic,,,,,,,,시즌 내 활동 20회
533,겨울눈의 파수꾼,환상의 뷰포인트 '매직 아워 25시'를 향해 달리는 셔터 마피아들도 당신의 완벽한 궤적엔 찬사를 보냅니다.,기간제(시즌),common,,,,,,,,시즌 내 활동 5회
534,겨울눈의 파수꾼,"심야의 암시장 '카본 앨리'에서도 쉽게 거래되지 않을, 오직 당신의 엔진만으로 이뤄낸 값진 성과입니다.",기간제(시즌),rare,,,,,,,,시즌 내 활동 10회
535,겨울눈의 파수꾼,자유의 성지 '벙커 18:01'에 도착한 오피스 탈주닌자들과 함께 축배를 들 만한 훌륭한 땀방울입니다.,기간제(시즌),legendary,,,,,,,,시즌 내 활동 15회
536,겨울눈의 파수꾼,환상의 음료가 담긴 '오아시스 자판기'를 찾아 헤매는 포션 연금술사들도 이 폭발적인 에너지에는 혀를 내두릅니다.,기간제(시즌),mythic,,,,,,,,시즌 내 활동 20회
537,새해의 각성,분실물 센터 '999'의 문이 열린 걸까요? 아날로그 수집가들이 탐낼 만한 행운이 깃든 낡고 귀한 기록입니다.,기간제(시즌),common,,,,,,,,시즌 내 활동 5회
538,새해의 각성,"마의 결계 '섬데이'를 산산조각 내고 침대의 중력을 완전히 이겨낸, 위대하고 눈부신 승리입니다.",기간제(시즌),rare,,,,,,,,시즌 내 활동 10회
539,새해의 각성,"숨이 턱 끝까지 차오르는 순간, 무의식의 차원 '화이트 룸'의 문고리를 거머쥔 초월적이고 환상적인 기록입니다.",기간제(시즌),legendary,,,,,,,,시즌 내 활동 15회
540,새해의 각성,달콤한 냄새가 밴 이 파편은 환상의 푸드트럭 '무명(無名)'을 쫓는 미식가들의 발자취와 겹쳐집니다.,기간제(시즌),mythic,,,,,,,,시즌 내 활동 20회
541,춘분의 온기,전설의 루트 '블랙 트랙'을 누비는 아스팔트 레인저들의 거친 숨결이 이 궤적에 고스란히 담겨 있습니다.,기간제(시즌),common,,,,,,,,시즌 내 활동 5회
542,춘분의 온기,당신의 성실한 발걸음에 감탄한 숲속의 갱단이 은밀한 '그루터기 살롱'의 길을 열어줄지도 모릅니다.,기간제(시즌),rare,,,,,,,,시즌 내 활동 10회
543,춘분의 온기,환상의 뷰포인트 '매직 아워 25시'를 향해 달리는 셔터 마피아들도 당신의 완벽한 궤적엔 찬사를 보냅니다.,기간제(시즌),legendary,,,,,,,,시즌 내 활동 15회
544,춘분의 온기,"심야의 암시장 '카본 앨리'에서도 쉽게 거래되지 않을, 오직 당신의 엔진만으로 이뤄낸 값진 성과입니다.",기간제(시즌),mythic,,,,,,,,시즌 내 활동 20회
545,하지의 열정,자유의 성지 '벙커 18:01'에 도착한 오피스 탈주닌자들과 함께 축배를 들 만한 훌륭한 땀방울입니다.,기간제(시즌),common,,,,,,,,시즌 내 활동 5회
546,하지의 열정,환상의 음료가 담긴 '오아시스 자판기'를 찾아 헤매는 포션 연금술사들도 이 폭발적인 에너지에는 혀를 내두릅니다.,기간제(시즌),rare,,,,,,,,시즌 내 활동 10회
547,하지의 열정,분실물 센터 '999'의 문이 열린 걸까요? 아날로그 수집가들이 탐낼 만한 행운이 깃든 낡고 귀한 기록입니다.,기간제(시즌),legendary,,,,,,,,시즌 내 활동 15회
548,하지의 열정,"마의 결계 '섬데이'를 산산조각 내고 침대의 중력을 완전히 이겨낸, 위대하고 눈부신 승리입니다.",기간제(시즌),mythic,,,,,,,,시즌 내 활동 20회
549,추분의 고독,"숨이 턱 끝까지 차오르는 순간, 무의식의 차원 '화이트 룸'의 문고리를 거머쥔 초월적이고 환상적인 기록입니다.",기간제(시즌),common,,,,,,,,시즌 내 활동 5회
550,추분의 고독,달콤한 냄새가 밴 이 파편은 환상의 푸드트럭 '무명(無名)'을 쫓는 미식가들의 발자취와 겹쳐집니다.,기간제(시즌),rare,,,,,,,,시즌 내 활동 10회
551,추분의 고독,전설의 루트 '블랙 트랙'을 누비는 아스팔트 레인저들의 거친 숨결이 이 궤적에 고스란히 담겨 있습니다.,기간제(시즌),legendary,,,,,,,,시즌 내 활동 15회
552,추분의 고독,당신의 성실한 발걸음에 감탄한 숲속의 갱단이 은밀한 '그루터기 살롱'의 길을 열어줄지도 모릅니다.,기간제(시즌),mythic,,,,,,,,시즌 내 활동 20회
553,동지의 심연,환상의 뷰포인트 '매직 아워 25시'를 향해 달리는 셔터 마피아들도 당신의 완벽한 궤적엔 찬사를 보냅니다.,기간제(시즌),common,,,,,,,,시즌 내 활동 5회
554,동지의 심연,"심야의 암시장 '카본 앨리'에서도 쉽게 거래되지 않을, 오직 당신의 엔진만으로 이뤄낸 값진 성과입니다.",기간제(시즌),rare,,,,,,,,시즌 내 활동 10회
555,동지의 심연,자유의 성지 '벙커 18:01'에 도착한 오피스 탈주닌자들과 함께 축배를 들 만한 훌륭한 땀방울입니다.,기간제(시즌),legendary,,,,,,,,시즌 내 활동 15회
556,동지의 심연,환상의 음료가 담긴 '오아시스 자판기'를 찾아 헤매는 포션 연금술사들도 이 폭발적인 에너지에는 혀를 내두릅니다.,기간제(시즌),mythic,,,,,,,,시즌 내 활동 20회
557,사계절의 정복자,분실물 센터 '999'의 문이 열린 걸까요? 아날로그 수집가들이 탐낼 만한 행운이 깃든 낡고 귀한 기록입니다.,기간제(시즌),common,,,,,,,,시즌 내 활동 5회
558,사계절의 정복자,"마의 결계 '섬데이'를 산산조각 내고 침대의 중력을 완전히 이겨낸, 위대하고 눈부신 승리입니다.",기간제(시즌),rare,,,,,,,,시즌 내 활동 10회
559,사계절의 정복자,"숨이 턱 끝까지 차오르는 순간, 무의식의 차원 '화이트 룸'의 문고리를 거머쥔 초월적이고 환상적인 기록입니다.",기간제(시즌),legendary,,,,,,,,시즌 내 활동 15회
560,사계절의 정복자,달콤한 냄새가 밴 이 파편은 환상의 푸드트럭 '무명(無名)'을 쫓는 미식가들의 발자취와 겹쳐집니다.,기간제(시즌),mythic,,,,,,,,시즌 내 활동 20회
561,금요일의 해방,전설의 루트 '블랙 트랙'을 누비는 아스팔트 레인저들의 거친 숨결이 이 궤적에 고스란히 담겨 있습니다.,기간제(주말),common,,,,,,,,주말 누적 2시간
562,금요일의 해방,당신의 성실한 발걸음에 감탄한 숲속의 갱단이 은밀한 '그루터기 살롱'의 길을 열어줄지도 모릅니다.,기간제(주말),rare,,,,,,,,주말 누적 4시간
563,금요일의 해방,환상의 뷰포인트 '매직 아워 25시'를 향해 달리는 셔터 마피아들도 당신의 완벽한 궤적엔 찬사를 보냅니다.,기간제(주말),legendary,,,,,,,,주말 누적 6시간
564,금요일의 해방,"심야의 암시장 '카본 앨리'에서도 쉽게 거래되지 않을, 오직 당신의 엔진만으로 이뤄낸 값진 성과입니다.",기간제(주말),mythic,,,,,,,,주말 누적 8시간
565,토요일의 열기,자유의 성지 '벙커 18:01'에 도착한 오피스 탈주닌자들과 함께 축배를 들 만한 훌륭한 땀방울입니다.,기간제(주말),common,,,,,,,,주말 누적 2시간
566,토요일의 열기,환상의 음료가 담긴 '오아시스 자판기'를 찾아 헤매는 포션 연금술사들도 이 폭발적인 에너지에는 혀를 내두릅니다.,기간제(주말),rare,,,,,,,,주말 누적 4시간
567,토요일의 열기,분실물 센터 '999'의 문이 열린 걸까요? 아날로그 수집가들이 탐낼 만한 행운이 깃든 낡고 귀한 기록입니다.,기간제(주말),legendary,,,,,,,,주말 누적 6시간
568,토요일의 열기,"마의 결계 '섬데이'를 산산조각 내고 침대의 중력을 완전히 이겨낸, 위대하고 눈부신 승리입니다.",기간제(주말),mythic,,,,,,,,주말 누적 8시간
569,일요일의 안식,"숨이 턱 끝까지 차오르는 순간, 무의식의 차원 '화이트 룸'의 문고리를 거머쥔 초월적이고 환상적인 기록입니다.",기간제(주말),common,,,,,,,,주말 누적 2시간
570,일요일의 안식,달콤한 냄새가 밴 이 파편은 환상의 푸드트럭 '무명(無名)'을 쫓는 미식가들의 발자취와 겹쳐집니다.,기간제(주말),rare,,,,,,,,주말 누적 4시간
571,일요일의 안식,전설의 루트 '블랙 트랙'을 누비는 아스팔트 레인저들의 거친 숨결이 이 궤적에 고스란히 담겨 있습니다.,기간제(주말),legendary,,,,,,,,주말 누적 6시간
572,일요일의 안식,당신의 성실한 발걸음에 감탄한 숲속의 갱단이 은밀한 '그루터기 살롱'의 길을 열어줄지도 모릅니다.,기간제(주말),mythic,,,,,,,,주말 누적 8시간
573,주말의 지배자,환상의 뷰포인트 '매직 아워 25시'를 향해 달리는 셔터 마피아들도 당신의 완벽한 궤적엔 찬사를 보냅니다.,기간제(주말),common,,,,,,,,주말 누적 2시간
574,주말의 지배자,"심야의 암시장 '카본 앨리'에서도 쉽게 거래되지 않을, 오직 당신의 엔진만으로 이뤄낸 값진 성과입니다.",기간제(주말),rare,,,,,,,,주말 누적 4시간
575,주말의 지배자,자유의 성지 '벙커 18:01'에 도착한 오피스 탈주닌자들과 함께 축배를 들 만한 훌륭한 땀방울입니다.,기간제(주말),legendary,,,,,,,,주말 누적 6시간
576,주말의 지배자,환상의 음료가 담긴 '오아시스 자판기'를 찾아 헤매는 포션 연금술사들도 이 폭발적인 에너지에는 혀를 내두릅니다.,기간제(주말),mythic,,,,,,,,주말 누적 8시간
577,휴일의 낭만,분실물 센터 '999'의 문이 열린 걸까요? 아날로그 수집가들이 탐낼 만한 행운이 깃든 낡고 귀한 기록입니다.,기간제(주말),common,,,,,,,,주말 누적 2시간
578,휴일의 낭만,"마의 결계 '섬데이'를 산산조각 내고 침대의 중력을 완전히 이겨낸, 위대하고 눈부신 승리입니다.",기간제(주말),rare,,,,,,,,주말 누적 4시간
579,휴일의 낭만,"숨이 턱 끝까지 차오르는 순간, 무의식의 차원 '화이트 룸'의 문고리를 거머쥔 초월적이고 환상적인 기록입니다.",기간제(주말),legendary,,,,,,,,주말 누적 6시간
580,휴일의 낭만,달콤한 냄새가 밴 이 파편은 환상의 푸드트럭 '무명(無名)'을 쫓는 미식가들의 발자취와 겹쳐집니다.,기간제(주말),mythic,,,,,,,,주말 누적 8시간
581,불타는 주말,전설의 루트 '블랙 트랙'을 누비는 아스팔트 레인저들의 거친 숨결이 이 궤적에 고스란히 담겨 있습니다.,기간제(주말),common,,,,,,,,주말 누적 2시간
582,불타는 주말,당신의 성실한 발걸음에 감탄한 숲속의 갱단이 은밀한 '그루터기 살롱'의 길을 열어줄지도 모릅니다.,기간제(주말),rare,,,,,,,,주말 누적 4시간
583,불타는 주말,환상의 뷰포인트 '매직 아워 25시'를 향해 달리는 셔터 마피아들도 당신의 완벽한 궤적엔 찬사를 보냅니다.,기간제(주말),legendary,,,,,,,,주말 누적 6시간
584,불타는 주말,"심야의 암시장 '카본 앨리'에서도 쉽게 거래되지 않을, 오직 당신의 엔진만으로 이뤄낸 값진 성과입니다.",기간제(주말),mythic,,,,,,,,주말 누적 8시간
585,여유로운 발걸음,자유의 성지 '벙커 18:01'에 도착한 오피스 탈주닌자들과 함께 축배를 들 만한 훌륭한 땀방울입니다.,기간제(주말),common,,,,,,,,주말 누적 2시간
586,여유로운 발걸음,환상의 음료가 담긴 '오아시스 자판기'를 찾아 헤매는 포션 연금술사들도 이 폭발적인 에너지에는 혀를 내두릅니다.,기간제(주말),rare,,,,,,,,주말 누적 4시간
587,여유로운 발걸음,분실물 센터 '999'의 문이 열린 걸까요? 아날로그 수집가들이 탐낼 만한 행운이 깃든 낡고 귀한 기록입니다.,기간제(주말),legendary,,,,,,,,주말 누적 6시간
588,여유로운 발걸음,"마의 결계 '섬데이'를 산산조각 내고 침대의 중력을 완전히 이겨낸, 위대하고 눈부신 승리입니다.",기간제(주말),mythic,,,,,,,,주말 누적 8시간
589,심야의 도주,"숨이 턱 끝까지 차오르는 순간, 무의식의 차원 '화이트 룸'의 문고리를 거머쥔 초월적이고 환상적인 기록입니다.",기간제(주말),common,,,,,,,,주말 누적 2시간
590,심야의 도주,달콤한 냄새가 밴 이 파편은 환상의 푸드트럭 '무명(無名)'을 쫓는 미식가들의 발자취와 겹쳐집니다.,기간제(주말),rare,,,,,,,,주말 누적 4시간
591,심야의 도주,전설의 루트 '블랙 트랙'을 누비는 아스팔트 레인저들의 거친 숨결이 이 궤적에 고스란히 담겨 있습니다.,기간제(주말),legendary,,,,,,,,주말 누적 6시간
592,심야의 도주,당신의 성실한 발걸음에 감탄한 숲속의 갱단이 은밀한 '그루터기 살롱'의 길을 열어줄지도 모릅니다.,기간제(주말),mythic,,,,,,,,주말 누적 8시간
593,아침의 상쾌함,환상의 뷰포인트 '매직 아워 25시'를 향해 달리는 셔터 마피아들도 당신의 완벽한 궤적엔 찬사를 보냅니다.,기간제(주말),common,,,,,,,,주말 누적 2시간
594,아침의 상쾌함,"심야의 암시장 '카본 앨리'에서도 쉽게 거래되지 않을, 오직 당신의 엔진만으로 이뤄낸 값진 성과입니다.",기간제(주말),rare,,,,,,,,주말 누적 4시간
595,아침의 상쾌함,자유의 성지 '벙커 18:01'에 도착한 오피스 탈주닌자들과 함께 축배를 들 만한 훌륭한 땀방울입니다.,기간제(주말),legendary,,,,,,,,주말 누적 6시간
596,아침의 상쾌함,환상의 음료가 담긴 '오아시스 자판기'를 찾아 헤매는 포션 연금술사들도 이 폭발적인 에너지에는 혀를 내두릅니다.,기간제(주말),mythic,,,,,,,,주말 누적 8시간
597,주말의 마침표,분실물 센터 '999'의 문이 열린 걸까요? 아날로그 수집가들이 탐낼 만한 행운이 깃든 낡고 귀한 기록입니다.,기간제(주말),common,,,,,,,,주말 누적 2시간
598,주말의 마침표,"마의 결계 '섬데이'를 산산조각 내고 침대의 중력을 완전히 이겨낸, 위대하고 눈부신 승리입니다.",기간제(주말),rare,,,,,,,,주말 누적 4시간
599,주말의 마침표,"숨이 턱 끝까지 차오르는 순간, 무의식의 차원 '화이트 룸'의 문고리를 거머쥔 초월적이고 환상적인 기록입니다.",기간제(주말),legendary,,,,,,,,주말 누적 6시간
600,주말의 마침표,달콤한 냄새가 밴 이 파편은 환상의 푸드트럭 '무명(無名)'을 쫓는 미식가들의 발자취와 겹쳐집니다.,기간제(주말),mythic,,,,,,,,주말 누적 8시간
